Farm_ID,Bio_Material_Capacity_Tons,Quality,Cost_Per_Ton,Transport_Cost_To_Plant_1,Transport_Cost_To_Plant_2,Transport_Cost_To_Plant_3,Transport_Cost_To_Plant_4,Transport_Cost_To_Plant_5,Transport_Cost_To_Plant_6,Transport_Cost_To_Plant_7,Transport_Cost_To_Plant_8,Transport_Cost_To_Plant_9,Transport_Cost_To_Plant_10,Transport_Cost_To_Plant_11,Transport_Cost_To_Plant_12,Transport_Cost_To_Plant_13,Transport_Cost_To_Plant_14,Transport_Cost_To_Plant_15,Transport_Cost_To_Plant_16,Transport_Cost_To_Plant_17,Transport_Cost_To_Plant_18
Farm_1,478,2,127.46,2.055668075122548,1.803083476010565,1.069479894889563,2.7143859071736114,2.6120234209769686,2.8550071025931514,1.5096065320633911,2.175024958853558,1.1397836237758954,2.8786700314859734,1.4712880788428437,2.5331145887335067,1.569742413670953,2.0119311260400057,2.966160891906001,2.995096443362482,2.430442952116402,1.1413419293902112
Farm_2,308,2,137.42,2.5758618768755337,1.6009775172652778,1.6397591533355267,1.0967917638915312,1.5064149632847148,1.9165664327725462,2.5445183293063955,1.123283766873647,2.280060776703361,1.7370353156767617,2.789046473821945,2.4384228952675775,2.50494618187152,1.444706038420629,2.1593159273526323,1.6478106331264037,1.0733680107890846,2.0819450118289335
Farm_3,516,3,189.2,2.680800662978681,2.6065268012542564,2.1933157839941804,1.297034848514235,1.4978579754291874,2.3188913174312766,1.8693146361021684,2.917091213648174,2.878520457823048,1.1079395228547835,1.3685301523414874,2.763425342930594,1.0612109926738085,2.0895733080604098,1.002174039609865,2.0281737497585475,1.8586400857083532,2.7846769404416167
Farm_4,367,1,66.23,2.2960633146617235,1.5440051474619794,2.2096035236879277,1.8279353969681083,2.1807619304077215,2.8289153017618824,1.6615899895620865,1.2838664215187972,1.0038638285830104,2.5259387774180464,1.426121102035071,2.2791241960679214,1.566622670747697,1.281169662497794,2.8013131015367994,2.7593614092995877,2.5089429500044744,2.359971020256427
Farm_5,499,1,86.06,1.6774998084290145,2.445886848778894,1.9602524580284184,1.9667841333642528,1.1402360914939793,1.180227265868289,1.357325610678206,1.6094456121059573,2.4515420939155548,2.4070162881766817,1.5421259802807274,1.1343951415047475,1.9972670128805579,2.7393804025190907,2.1404759291540962,1.710534436114667,2.1662005692615995,2.4399784620654486
Farm_6,417,1,82.89,1.9399568693155889,1.4123941585104045,2.631331081629267,1.5270143070417137,1.0525954533693371,2.5409629062380596,2.530664861869088,2.645035603996697,2.314130365065891,2.195821984526665,1.6084926229731693,1.5063042509792348,1.090119163839451,2.351783777416587,1.7319928165798717,1.2185231131817145,2.871742583928916,1.1699396748644986
Farm_7,421,1,97.96,2.7158341444871352,1.4997075921566592,1.1254443428289176,1.712953341695575,1.5220573305868985,2.23363376875115,2.572643612272154,1.4374806462081862,2.4646083844389315,1.979787488768348,2.0289592842620614,2.6158636891254385,1.3720681227425573,2.987270896985884,2.6583902820318768,2.897871750003008,2.7352880658239997,1.2130232740636029
Farm_8,360,1,96.55,1.597095851964328,1.6729223251544245,2.6309755311602716,1.3255522020507375,2.0761351014696454,2.1972743576597225,2.133128006460281,1.4859369169091412,1.7108108135246711,1.0643305406452628,2.426914720868088,1.3342648346271755,2.8690739632824065,1.1841948555810462,1.7996649187004101,1.9768816134270002,1.665295270668292,1.2546975527517705
Farm_9,215,2,139.47,2.8474862625332973,2.1783127547875765,1.9895084808714072,1.9782680634318144,2.8152327724504547,1.5850808569631396,2.9146272263827457,2.2846179115820364,2.64099288931571,2.2491945030403087,2.852416348801367,2.3969609356297745,2.9536685303603782,1.4813454996905737,1.0680890124005293,2.0055674215439434,1.1692543910401807,2.8087536673219855
Farm_10,477,2,136.17,1.4596126828453302,1.9088446383190822,1.2675213901540043,2.5876865857357227,2.692870352614614,2.3677867095553538,1.6363265408453085,1.5521721769785246,1.089413862837724,1.8336692304455873,1.1768751746710049,2.560518661840956,2.479499894780971,2.7543172085322785,2.6421444461140373,2.2424002892083643,2.8885140792913027,2.0516992725276264
Farm_11,256,3,163.7,2.4990328303135616,2.4902896196556408,2.771403827080955,2.3227207873226114,1.980892919841951,2.589595509641553,1.4392380909586744,1.4348952680154006,2.510862201244055,2.12041880548189,2.9087387244564717,1.6602235957104823,1.5044001012338257,1.7905081995378354,2.0917188020395248,1.0070732474064492,2.034573535535853,2.5831501927859826
Farm_12,261,4,242.3,2.2611184686914765,1.4271346006723846,2.298457559081927,1.2155844947310825,1.0741039873869855,1.2257163298873943,2.3549335378689236,1.508355428611315,1.5341438826981755,1.8586426839352725,2.8426459341936265,1.644594946805817,1.521034890871938,1.9326059799637951,1.6762870764483924,2.8622623511376983,1.148795248743897,1.2305825197672005
Farm_13,562,2,121.38,2.4991988822415245,1.0213445756976682,1.3270913736482786,1.9751632067934322,2.0705054692586184,2.0670428619619674,2.516817281599409,1.9812949986814536,1.953675549716143,2.9321122655303977,1.1079985843620779,2.115605362418294,2.291580715590146,2.721303774775234,1.5017847527077024,1.7229021695490834,2.6331512267185593,2.85528541101719
Farm_14,526,1,63.61,1.8746951448651896,2.5531149435704403,1.0672994467980532,2.39529276555945,2.409591199850591,1.2025303619748193,1.4498119411036448,2.932199745462964,2.645272543114441,2.2082178023016943,1.7206422753831254,2.7225726655095275,1.2351992331974035,2.0436464498999047,2.187594918830851,1.7938637247686973,2.737012941370782,2.6422841829944206
Farm_15,441,1,69.21,2.865282125107969,2.6432986677601447,1.2822192966652985,2.0597905931078824,1.6783290650500675,2.745148038595289,1.1532215285222265,2.6644758831224564,1.542718070382274,2.4984726612049344,2.626286780598673,1.447812403826961,2.896618760860733,1.3869516988287363,1.4160990964502003,1.34821849506647,2.2788492803531417,1.4495282895507122
Farm_16,289,3,191.8,2.2649444048229546,1.118960326216779,2.217595920360787,1.783351193071098,1.2221266065633094,2.015273445312695,2.6210329731727438,1.5692205291203543,1.370415023287787,2.8726938949421665,2.223153090958802,2.8825163920848054,1.4496257990203691,2.784060230819562,1.6477017731140065,1.756303226584922,1.8950179313726798,2.748364466587907
Farm_17,271,2,107.43,1.5765916091085126,2.221815044316793,1.358592470520097,2.2438288425677566,1.5571359064113188,2.615931378521515,2.953003947292025,1.7267464169961955,2.3626263706957684,2.183198645833479,2.558187886763541,2.1982373696402164,2.999271250850888,1.062123312846067,2.273060618827967,2.607887061552104,2.3243460246471455,1.5268855187936186
Farm_18,525,3,172.81,2.2769101413042874,1.7564135677461559,1.4515261497500562,2.9372773306005513,2.543177728935628,1.7361712753324285,2.289344572144569,1.9290245010081548,2.066789783013609,1.0241250356448015,2.438066677579775,2.9842529427045523,1.9914675906049208,2.7907925352868865,2.763088900811864,2.5999833451110694,2.4133673914102474,1.410679758678113
Farm_19,229,3,174.62,1.5736314944140624,2.5877913103890338,1.0502794515126284,1.189815819532156,1.7024876645666567,1.2501564536326508,1.5557338002877883,2.9578592940339807,2.028807737492369,1.0685833566210847,1.9935402262543271,1.1792274479906453,2.5428599779858727,1.1010404533446694,2.0657806567831978,2.8715936817909054,2.786059916171936,1.5284878736244247
Farm_20,558,4,201.83,1.5872647835197484,2.748829108392957,2.4458613444772075,1.7800321214951214,2.6239629813714203,1.082998608771423,2.993345217105584,1.3447809366714314,1.5135390310758263,2.4046768682037234,1.082436091903399,1.2531242730135181,1.0043681890111145,2.331698729200256,2.518212796598185,1.8064589453615916,2.911723360749476,2.819910126545219
Farm_21,487,4,209.79,1.7991970232417358,2.7020075335944984,2.620728799518874,1.8132117060921913,1.6390429036149516,1.563019241544751,2.7865332725341547,1.7149662069837657,1.0697606116400553,1.558170272302567,2.168536404129002,2.6532836074269657,2.7774928095032836,1.1433587593506693,2.5261212075260837,2.4174430074971687,2.0286418647818225,2.831183971029739
Farm_22,285,2,141.34,2.7048608351382377,2.554408494701704,2.5936963535442463,2.153934620936742,1.3271100768276363,1.488467400728157,2.026761292560588,2.45885218796543,1.8205382766634337,2.1587594546958977,1.097133306118592,2.7295117912076985,1.5400040895611609,2.412425971930131,2.3287079053187734,2.0144751104151144,2.596989067053125,1.6579915493759376
Farm_23,433,1,91.54,2.000595748787984,1.538104457484326,1.2551363027285685,1.3043492037638358,1.8716967190272165,2.1207039480399237,2.6506425696836677,2.927887468537887,1.213118960935536,1.404554362181338,2.2074534350702617,1.8909173767418679,2.3358734890961306,1.0679426426659018,1.4916766753610353,2.608045579038262,2.92901911198331,2.4108683701891023
Farm_24,434,4,214.62,2.357801684460415,2.6237792871366334,2.806602254777519,1.353286059740939,1.904549024578278,1.0434776761274147,2.6316410465259334,1.3113504255284754,2.8119783012984043,1.5404977501234283,2.600821724987356,2.42814235228467,2.6127105615871793,2.6849154554215753,2.733577196300484,2.425084018265994,1.302486676293932,2.3514905103283663
Farm_25,512,2,143.74,1.783935480548926,2.0669569518125854,2.34455765894816,1.5707227719957093,1.032216437098674,2.041141088598347,2.869597939346999,1.4547599083886915,1.082500646943461,2.009282111896151,2.1699834974038374,2.7351145748910772,1.328295481118004,1.9318879018599695,1.872551311279133,1.7358058505725513,1.0365359632193534,2.6131252642608063
Farm_26,564,1,88.59,1.527210879613763,1.1055132296641816,2.795057244753729,2.911740086537039,1.2340901454126523,1.7835434840240063,2.68184768754692,1.4513893487808605,1.8633017083687629,2.951138926712164,2.994043609123394,1.0862555764376574,1.885018962658458,1.1869078253377559,1.0884214878714011,1.673347668507385,2.737927545696588,1.5930190002842621
Farm_27,464,2,120.9,2.9092803214324627,1.913877699796498,1.8943210090613272,2.468217162461805,1.369852037545635,2.154244539828884,2.287358471914329,1.041864058984147,1.1044911674016558,2.232540978418383,1.9117330003608661,2.147900845986517,1.9876718813038468,2.413638890020288,1.4892253401390503,1.5048849260559352,1.3905466664943216,2.0202770838208037
Farm_28,486,2,137.42,2.207162494246125,2.8843158340599864,1.8739097221673955,2.3233866033830064,1.2271746347573498,2.4048350563007292,2.2186074379130147,2.208231249961899,1.1910877491295326,2.8722962090260467,2.497654927207975,2.706961333052979,1.624238930678409,1.978580315007525,2.5310967081986315,2.1530315809772755,1.084957533263602,2.335347902016574
Farm_29,526,3,198.07,2.8679026771654366,2.7757186994711054,2.5690730373697903,2.6339153747885247,1.6830521508427276,2.268183890159678,1.9347145766632234,2.341406148291788,2.317733333844044,2.9187597087738952,2.3344265834838147,1.79630988916955,1.963511659457963,1.3818977177508858,1.1382666716349787,2.927685703187719,1.3201922753148891,1.052513637619812
Farm_30,592,2,122.95,1.40682600439663,1.204528561994232,1.186595710953487,1.2551529378333859,2.929245711234036,2.969288738746733,2.252971279941515,2.205051780250507,2.294222521948189,1.4162199928410149,2.982863383116176,1.6047672122248537,1.635091315310676,1.0313447477774516,1.2947288043098224,1.400133475235132,1.7682298224875386,1.7534774906619093
Farm_31,468,1,61.92,1.2937883278258655,2.4882533714287405,2.0417480732697717,2.7186656394475035,2.0184450766541557,1.2765306877537421,2.5904331730607657,1.1426459788256287,1.0661043897588796,1.622387204937889,2.42643801015421,2.591413370189675,1.7214954901104185,1.8359965194510743,2.388453632083409,1.1905049098086504,1.4385314031851602,2.391776715357138
Farm_32,385,4,247.09,2.7116458142478073,2.6115857319164695,2.6727684712624513,2.189665427775008,2.255112047741293,1.859474017859557,2.9380752526051066,1.1384602514912634,1.0022629502417404,2.539984562437408,1.3280614629187788,1.6715731670056724,2.338662357405478,1.1712584614570711,2.785201579455081,1.2388012841526272,1.6105072582008861,1.5051901862382668
Farm_33,330,3,180.19,2.3618344252345027,1.5427763764735296,2.6603851261391425,1.670658014917871,1.7127729570460564,1.8496614732866223,1.9345747163642402,1.420773108988248,1.157636154485568,2.7335280045826877,2.9110354128344818,1.0063485963690064,2.265186536609994,1.1883393964944744,2.2674640101152734,2.5661973525003,2.9505881028600927,2.9154082140129747
Farm_34,490,2,105.26,1.3731569985072827,1.9432171414821846,2.912265712684738,2.631710511491381,1.6469755232862922,1.8341064074058413,2.147306405977514,1.5805890313978292,2.5259977954238844,2.0384534883790555,2.3355544528915226,2.9191451752581314,1.4645314515950505,1.5346590967253537,1.4445821076591092,1.7002096085691274,2.40881108832515,1.060322743013678
Farm_35,476,1,78.63,1.5387194013270755,2.4219758829273657,2.396545187061093,2.605129068697248,1.0462935438300167,2.327596784085337,1.8896109901175635,2.5730873118200948,2.169152945503014,2.986452134561098,1.1186764616127798,2.184246472702037,2.794965769590849,2.260916594484849,1.1068275264990972,1.4487336553847594,2.424383456506408,2.9161743751748457
Farm_36,519,1,75.03,2.6013278830506223,1.8780829776422958,1.4155412588794567,2.6914171634334543,2.0006673113520446,1.979656121093445,2.336977241966808,1.3187805314978422,1.0762364903769832,1.0231443975105405,2.315136611569225,2.6390358374201424,2.7255770913427813,2.0598212171218986,2.230253165100623,1.705688236747,1.1893707494558456,1.4335277360208
Farm_37,550,2,142.78,1.9077372399918722,1.225593837733154,1.0405606297891616,1.2310358002139643,1.9672180135033326,2.034865119625926,2.2598410081225193,1.0881844327950643,1.9761940317456546,1.5991853111704313,2.76623881334955,2.6506031246854294,2.018166613379903,1.1379746165173612,1.094797155862328,2.2906616256590437,2.4641967396453834,1.09764408385074
Farm_38,379,1,76.53,2.3410810130121815,2.411764889363443,1.9588315972542039,2.938722489991552,1.315661452362246,1.8647119842935294,1.0356675803872466,1.7879750154261103,2.4240587141089027,2.2463235074891594,2.15408372398005,1.1328208407454656,1.8665014853915007,2.9368625517849396,2.2254441038835138,2.0935742496565677,2.4786886659106098,1.584948066447115
Farm_39,489,1,62.76,1.6367040442720218,2.823277379470607,2.027407731245111,2.9192523075794625,2.5286480004134075,2.983398922037125,2.082323118201317,1.8327843402838406,2.7379027892016126,1.9385798218749657,1.7080392760640224,1.3417203987729296,1.7537119659682177,2.774337376589182,1.4511598883221901,2.487178813042452,2.3194900368132645,2.5725646145804504
Farm_40,576,3,183.78,1.7624599055497534,2.304969456812315,1.480525168997863,1.714939291003483,1.9853486606220059,2.8551226976380844,1.176973791398028,1.9018146763779085,2.8680729813180212,1.2332059328576015,2.641819268141232,1.6222413615192948,2.4145358373328785,1.5184509742903165,2.8093121248176596,1.6781482969635526,1.4568725919957501,2.504884012896106
Farm_41,362,2,127.13,2.98142511724621,2.547601497138068,1.2493948942472064,1.1317880364238393,1.6779879403231466,1.615448378728742,1.0527672360110767,2.653807088053937,1.6548811259081333,1.7355741709611272,2.565024016411659,1.6413985700826457,2.343332114418941,1.2446771519242825,1.9501853369747237,1.9040571469293708,1.8460723581643699,1.417680832845584
Farm_42,470,2,111.65,1.495234174349437,1.716725071315657,2.172416332381018,1.3341113389375714,1.293817818045854,1.2231878495333344,2.5823943241693965,1.1960108297418834,1.2716648568265314,1.050894286590078,2.0883643084626016,2.3175722353618258,1.3923612138759573,2.8848057295139804,1.4478768666193913,1.203936737925847,2.6925529093392506,1.3935802671835988
Farm_43,575,1,78.68,2.012912754073028,1.3663964902532697,2.5285113480482826,2.9856616508893943,2.1043216539420246,2.679529448077206,1.517299724318601,2.4078841648439244,1.473851841462895,2.285492092150559,1.3087235397918007,2.2462658415053696,2.3429160626007226,1.9222835557613998,2.706290633117183,1.146117292065563,2.3404032586812527,2.2851598316090813
Farm_44,295,2,141.08,2.688804686381064,2.2855473232365853,2.986308207180321,2.126025886343326,2.5056340521776193,2.9943405028514487,1.6813101545745985,1.6758911420905815,2.5523429840804477,2.7854850859927103,1.5019729710463627,1.9891795560196275,1.50486238820408,1.6223339295428716,1.5080707968950167,1.924510485688201,2.4655376699998044,1.916165379351461
Farm_45,461,3,151.43,1.478446427331716,1.6555424116824378,2.516605234421037,1.713243597652104,1.5639987053699433,1.585217788079291,1.1281691752081324,1.61996027287094,2.9429684300846213,2.769748247566918,2.4769679443722117,1.4225274646175359,1.0371166730470511,1.9807160703303748,1.613198153049751,1.603193214891847,2.174748800251618,2.5845799066618045
Farm_46,564,1,81.54,1.8304275133686614,2.7201470379795856,2.587264828511162,1.5764053877000777,1.4375887031534451,1.7155698516835325,1.3590005209887013,2.8650862521719596,1.932787234720761,2.399088947531093,2.612164330789855,1.7639669393806068,2.398417355074754,2.545488289092824,2.668555798110911,2.225601144272262,1.899173198223557,1.0482655573851072
Farm_47,552,1,67.48,2.2301825747399766,1.2452560999560132,2.232921756457595,1.513983470621895,2.043869928129154,2.8832663629704056,2.5312096365155847,1.496937048833484,1.6107064270955795,1.931540390995855,1.5585305560819795,2.0871879369303388,2.2895872049214994,1.336770596606109,1.617584059601192,1.0860043308891438,2.518104020134216,2.220823721521142
Farm_48,487,2,114.63,1.962376302950205,1.8669273994662474,2.9718453179400353,2.328305530108964,1.3106866050200339,2.4222590360061798,1.9870616604652418,2.2850636706787326,1.858381163920069,2.0240632373829794,1.7359701543735733,1.9359707322078838,1.821618524748683,2.5349916670186143,1.8203275384612747,1.2435327551991309,1.13585162873261,2.461344024479752
Farm_49,282,4,219.63,1.919004533140635,1.7934552009367717,2.279912770229141,1.838775663039372,2.33322677318857,1.5912766635592723,2.761336925100297,1.5502555147521841,1.6096262892902649,1.2738376479913258,1.1552637704995903,1.2545850661901568,2.0513721118390125,2.498893575867731,1.6953313415177331,2.73038162221279,2.3463214655605285,2.986772224057338
Farm_50,424,2,117.1,1.7250194626442472,2.8761077071078596,2.7205065727994087,2.930821398737223,2.2106872558884607,2.16209298256783,1.7944842629336704,2.0142877652807702,1.5129750464143086,1.682034186238406,2.4269238967329994,2.2990209870038476,2.8943383834115193,2.0786964096817595,1.2328006356607517,2.132623243038209,2.9944090157013585,2.357563388473694
Farm_51,422,1,91.61,2.17329265554985,1.3062696012088078,2.891569292481911,2.3676860612907227,1.1741640991828572,2.888459158728512,1.5374014715085365,2.5725857851925555,2.1875015048143593,1.3754561509965473,1.0071550892000627,1.146103553621321,2.1904003618108754,2.7316845774991636,1.0777916244936523,2.4241090673824544,2.5603838589360635,1.4636903130999326
Farm_52,317,1,63.74,2.2487453958472203,1.019693650024022,2.8597170010011217,2.584089182097922,1.0730407587627477,2.623626213891557,1.695199628917302,2.763445047032521,1.0314719607470888,2.642400406699909,1.0930830424381361,1.7563893661621606,2.3157678706730627,1.264286756339721,2.449081348121963,2.6839442374145914,1.5811270231549106,1.2163723897600776
Farm_53,391,3,186.66,2.306579081802725,1.4761704256142352,1.762830687566713,1.5854830971663199,2.24057730517717,2.4836654274573196,2.425543587033809,2.6773944805901007,1.5191044973299763,2.8295078026759195,1.0086881355681798,2.420058695350458,1.1278226418982822,2.190958013331346,2.2902742478714413,1.9276686859001044,1.5556389894107612,2.2818335492881507
Farm_54,278,1,54.7,1.1407362158120586,2.640553719537309,1.1573241166285173,1.1583728182172517,1.5885875479774816,2.473992623454045,2.110011344668972,2.1643614722892797,2.322764155689978,2.073846522840234,2.2906391666752333,1.040047069039413,1.3319889213502505,1.8986861050036432,1.5647321351041144,2.522120767934952,2.334437221186918,2.0463661350364317
Farm_55,277,2,147.57,2.262068351424098,1.418643632094034,1.3437474050784937,1.975645674763762,1.172891506346797,1.3560406485845407,2.8083824151048558,1.4976326306764443,1.06412539261361,2.4555280810258884,1.834774255401093,2.139965638090632,1.6019045528231763,1.8445842256716634,1.591198249969757,2.0491711581470486,2.7917085140170608,2.798290576890033
Farm_56,346,2,131.12,2.9064743575624656,1.4817561274109654,1.118446610793215,1.6291630930924546,2.518857409912973,2.649362478455873,2.2043375387777666,2.3224667665237315,1.16640363301787,1.242929541814255,1.5950935226866605,1.6690419482865946,2.0787586360562864,1.5051221425390509,2.8900115660173626,1.4454975405474078,2.155899481695686,2.45321604236255
Farm_57,306,1,85.34,2.0819724710561673,1.2597976090736216,1.21079386965828,1.4041663300158473,1.6280880060352882,1.5522372648869163,1.9860364169630063,2.4198100915592162,1.5867922895715696,2.2170692865544765,2.825402020714221,1.017663686845469,2.5531817919666424,1.744559313619816,2.9753422544669843,1.675312337601879,2.0548045743401167,2.0194849000852413
Farm_58,581,3,164.9,2.4305341650184884,2.430872406553081,1.3693024917873953,2.9052842616017225,1.9191990992764472,2.860733315803059,2.5715054477734656,1.0213839802270028,2.75560959721797,2.405582042755692,1.3856055893532133,1.3807665421219437,1.642481755577174,1.2163015120473315,1.946869806467387,1.9807008821113217,1.3207682676873427,1.8071789415302952
Farm_59,470,3,170.6,2.113464615518436,1.1383483810108344,1.6821886331748035,1.8879764286840606,1.4736258549075385,1.729279982027566,2.8950677014668904,1.8784210218637492,2.5297723203305926,1.9055362590228015,1.7787360207628011,2.881892386541309,1.7127648609575479,1.5031979395296504,2.6049034909629873,1.6337711043445415,2.4309139107196334,1.8087493991416406
Farm_60,589,2,111.19,2.709481237183957,1.6624166046570432,2.0870792931501514,1.3494171840975713,2.2546341567159294,2.715320794084513,1.7116918224899411,2.6865240856435286,1.044313258832487,1.4865461689413972,2.880623601855503,2.042297811010181,1.5123017703474977,1.5439302155561652,2.473371751738731,1.6710553826997967,2.4045972392757813,1.452608572302469
Farm_61,443,1,96.63,2.859166189195138,1.564997453241929,2.4233641187101718,1.3973013053622783,1.6029768307087189,1.5324669890356029,1.4997524203309553,1.9791751924860947,2.0034256333769838,2.754749041082783,1.8542131256740848,2.9944544092582634,1.5092186585906118,2.441335734920279,1.594635419024094,1.6747856624975328,2.933902784667695,1.0346519435113941
Farm_62,272,1,74.41,1.3684397985927186,2.1103194595803094,1.4218546722130239,1.561419484929188,2.9360419224552565,2.029053873164481,2.232434792588278,1.6227508843266423,1.5493749879748335,2.4858174399074446,2.1093873712941154,2.0496335007294824,2.8977276917895933,1.0971008544177263,1.1171254210409567,1.2456799577142084,1.6003843686113288,2.1498211764142123
Farm_63,556,2,131.52,1.8737200731142531,2.460832530039471,2.3450448084762785,2.9986325363794255,2.405895097233813,1.2137705909781211,1.997745642307762,2.7435955420493254,2.2972913181241257,2.79971456369839,1.1606737331389751,2.0878728245805362,2.2709143592377803,2.3023846163017216,1.28511251426988,1.1692852144245027,2.512890952735064,1.4248294650464304
Farm_64,553,2,136.71,1.7847642018654426,2.065752869393495,2.4085181490048395,1.5360230010391946,1.2734445527469316,2.320237805992348,2.9783711497295666,1.3117613950596114,2.443107765186922,2.636805294995647,2.5803327737869246,1.7836860258657048,1.3118024870798937,1.4428198195863797,2.676588234001527,1.0929920793826087,1.868130522395258,1.416653835456083
Farm_65,225,1,68.56,1.8104302465985573,2.862051985950135,2.1172446737323787,1.6576036091569073,1.8333896793469335,2.672158550333677,1.9247235682954666,1.4128904648324008,2.7257251542585648,2.980748859157725,1.8455175541764763,1.6200808374628286,2.44449715616852,1.1637230118325879,2.462427639992562,1.2219125220686735,2.11694558323227,1.250762457352961
Farm_66,409,1,86.01,1.2510483624557518,2.902885277774664,2.807235739597421,2.318656255968003,1.7708421994597572,2.436894562604832,1.1486631027206917,2.3747447338722667,1.9508324742080285,1.3843454664288979,2.601030249196967,1.5030911062658896,2.444042286720058,1.6016123221708682,2.3286696889245557,1.687414184271236,2.632907711201116,1.3791909803533855
Farm_67,291,1,83.8,2.6272314519614386,1.7229306569970309,1.2219896278436213,1.5879227528205966,2.0684942214407664,2.0465170258773147,2.9547381215552715,1.70487188305315,2.988900177091169,1.1734955356079482,1.5075952851119843,1.6868412322613477,2.3329403921074103,1.4489457388572056,1.2612976633932966,2.1877436115661144,1.4439900900379512,1.0635782991102753
Farm_68,324,4,235.28,1.0715324860298705,2.5553607525497855,1.354242915204839,1.4316085021193867,2.683861348958507,1.090231757202919,2.68717389118708,2.426033671467558,2.9599722145742184,1.674005582674517,1.84495750112282,1.9197021618008643,1.2694408901813272,2.1040647516797,2.2798613749010492,1.376293854418818,1.6857374790548298,2.348462899497064
Farm_69,272,3,174.46,2.056453215454314,2.4776027665363793,1.8573296487789697,1.3172743732991974,2.1668440303660033,2.8668820143417166,1.3565002879159267,1.3154072425189838,2.7643334489420663,1.2580083500465178,2.5730978727300204,1.3839839004615802,1.8159829669391738,1.7147528068959248,2.5443046629862307,2.7760176920052757,2.546617340395194,1.8027942326253885
Farm_70,322,4,219.15,2.3237567760893825,2.785929183409655,1.2534254704684777,1.6253653300555844,1.1231133551999986,2.410979097157269,2.809210506225739,1.5045381792016919,2.1497389903161417,2.046260225812449,2.947755534087279,1.4497501836113917,1.2135126609888263,2.931987484816652,2.7212034997205814,2.616764862478899,2.1409158305757217,2.1230491975462904
Farm_71,508,1,61.1,1.4149388761177544,1.8958872804154066,2.132592287448175,1.211831379257547,2.31083139360571,2.4917284767306658,1.6813336416434892,1.313294756727267,1.79601287500763,2.266057810815485,1.1192510487745377,1.5430895373368783,2.6332410081842728,2.9270991987817014,1.0264625583872364,2.0410542256183275,1.1848458338101404,2.2739152360415993
Farm_72,383,4,241.23,2.811700384197591,2.0609463743955843,1.7968009332188488,1.0372931728295658,1.0165305958917168,2.589361151021614,1.754223969068889,2.905820627127019,1.72877262027957,2.1565772303468074,2.6249123548378086,1.8985197838616783,2.3103442863558383,1.887430538240479,2.368950203756955,2.44841966162672,1.860371733557026,2.944969124552318
Farm_73,386,1,80.42,2.677098414049586,1.831548627163148,1.5691915890718369,2.6092833946693545,2.559920921080786,2.4954868518552216,2.8127829647243185,1.8108079217018482,1.0242495001754897,1.5184802707805403,1.6013781352542205,2.305626733628486,2.014407873535637,2.590174921320519,1.0381953112064088,1.7326570493975169,2.1732666259460327,1.136531731711002
Farm_74,397,2,122.22,1.9421674589678506,2.700753838599411,1.3399796260352745,1.2757898848291531,2.333272144822484,1.8822323281966673,2.0602311300706306,1.674439819820452,1.498348994484733,2.817648061937594,2.1014865617821443,2.7122923005725745,1.6860309530011932,1.02653708172175,2.413745691086877,1.0735555854661798,2.819034632890105,1.835835369662876
Farm_75,277,3,197.2,1.8222978646802774,1.4594046307242687,1.6706764766964206,2.5519536996304844,1.617571316705172,2.4672436585758937,1.2755258587970393,1.0284043123415294,2.4376164698983294,1.042344727470757,1.5801845299014958,1.5742636743742866,1.3684989489888668,2.0956231694496052,2.2712427294640096,2.8086656950650797,1.3769760998772773,1.491795867052962
Farm_76,547,1,52.39,1.4731358504222,1.4794181564848894,2.215918701664684,2.5950849579733193,1.5848836091790315,2.250053575620658,1.738112318683608,1.3068351588217748,2.207264199786133,1.696026707526986,2.22689094513598,1.3674566806828747,1.2128951776662158,2.486598344613958,1.296695725837945,1.255586976515644,2.6119059367549657,1.9534238637136283
Farm_77,385,2,142.51,2.4599864492899273,1.7452102071541595,2.151570421778823,2.0758390526584862,2.596545993092611,2.708032667337573,2.4441948925357613,1.842271712484999,2.832844378335067,2.437984950796122,1.707605661287951,1.75769492970111,2.938481215073799,1.4338864508146718,2.5322435026902603,2.895874692759303,1.2612489661531827,2.8409446012277764
Farm_78,543,1,99.88,1.2634875992639283,1.4606856642047024,1.3272480004204676,1.6193639166259028,2.566673383849241,2.6049196306747406,1.3483683761360334,1.1370055851437881,1.1000445338331157,2.533857852698319,1.667229781955363,2.7887661527437118,1.399297283912046,1.1223435103318875,1.1366952363793823,2.14376517653222,1.4844713201516144,2.4479685304963024
Farm_79,452,1,94.35,2.360475507687566,2.1220136728298415,1.2498396214812668,1.290065467499777,1.7046047087535199,1.0827487649345198,2.1804623948127175,2.021478659012434,1.3105532063546612,1.8322370888637198,1.075876625871871,1.019721456674279,1.1197492534427713,1.3118378718129118,2.652797547489267,1.6111261220428599,1.486687766980246,2.323899172959787
Farm_80,212,2,140.52,2.684913972236827,1.2689802129910046,1.053353525217745,2.473610213441998,1.5978954561595606,1.7577741806652105,2.3905482658888335,1.9100308769288956,2.5784875787042605,1.0338196265127342,1.293920811807623,2.355737232115491,2.9233335443649926,1.883696174347714,1.523858489696458,1.9910492466236893,2.754958391817665,1.8824917528623548
Farm_81,498,2,118.72,1.4569431518340474,1.6403724388081107,1.0248511875878645,2.202773971963572,2.11964957776558,1.0694323043677891,1.6877071510851587,2.534336280688704,1.7170152623906676,2.2360873582474747,2.8341563977309576,1.954320092823163,2.097903482715654,2.012742841512524,2.37770372460133,2.0032596178461883,1.3980353840299742,2.3422249967488717
Farm_82,275,3,161.57,2.7328548057975124,2.82688939695118,2.7596208714393704,2.3109069129871282,1.0167313199682884,1.2041498495321958,2.387761377416645,2.319605402800633,1.2366906674357558,1.1261893623664314,2.9965548577464927,1.3220924299213601,2.5933134699822857,1.761770244217537,2.8473786820437406,1.0465741588851638,2.573921453970818,1.0647507545488162
Farm_83,250,2,136.74,1.066646398879017,1.8184509603835919,1.0901777120107798,1.017338179690262,1.1653340759730846,2.2028214440072227,2.768414703658637,1.8918946106411476,2.9929010102001783,1.215711552307029,2.5610411517392127,1.6420430525489333,1.087531694396637,1.87994753408476,1.6796540493468979,1.7109197037682773,1.9236130680392398,2.172477344059789
Farm_84,474,2,115.23,2.8255747707730507,2.4964674329870187,2.4624422197464924,2.855034031415649,1.2523391802974735,2.7476436423245065,1.9442334884664818,1.4493214002101429,2.574500605338726,2.30050143929238,1.5736252495469736,1.4499000877540678,2.1338917149593093,1.9404699192185626,2.0057881558808384,2.479731599085835,2.9981815355946217,2.1075531251984962
Farm_85,348,1,58.8,1.236724455702596,1.226924383413148,2.743970192489914,1.1325803748931005,1.3708236356543484,1.2396495174185345,1.7658186563595712,2.4537271320356124,1.8174820735162451,1.6249766522857096,1.804890276887185,2.755664335780245,1.7964199282359903,2.5388733232021927,1.9262360679009007,2.020138377901416,2.678182997304211,1.6932808639263857
Farm_86,418,1,89.33,2.2915183558760654,1.4951290162835693,1.1961156971249152,1.7336117702800113,2.024036253350938,1.902178574933663,1.5023168027165714,2.4157242069084086,2.646694953892281,1.6960603054165058,2.479006909812165,1.9637467678899805,2.543928868699767,1.2104837961553048,1.3152226981257362,1.4884602340191684,2.479406268895636,1.4030282508482168
Farm_87,321,4,215.63,1.5001649378278836,2.6146912424007374,1.8726028476660352,1.8054232993034005,2.984483829722244,2.8217578096128877,2.208410959726608,1.3065923210307748,2.3612077402383065,1.9736141539664869,2.937027113766396,2.1261885557449856,1.0768512912781172,2.5379009343187917,2.180624020981523,1.670219720073888,2.741452613304391,2.615111101998602
Farm_88,410,1,95.72,2.6731047823392275,2.5259858725793882,2.9246059663485533,1.0027110489958977,2.305226803494707,2.6286019673431755,2.759704096077432,2.8295036628508052,2.5799495191396664,2.9571567897187476,1.9109423414587352,2.1873752386740413,1.8033811371232287,2.3772546045899965,2.486003837041896,2.7261087862318982,2.268060785210067,1.107724228910193
Farm_89,479,2,142.03,2.024600721830933,1.7723118371876423,2.66827732104717,1.9941786187015942,1.1225975888984472,2.03933579293186,1.6493225343703881,1.1288102320300863,2.6304127551312995,2.9308844414774207,2.6590448305767493,2.279234249204712,2.598146838972392,2.483321618952636,2.8337496578476387,2.051099340300459,2.6873045130569952,1.1393457288471756
Farm_90,225,1,92.38,1.2704823824930027,2.9087938040669483,1.97940806371571,2.50561798902202,2.0511587481244833,2.5431428786576618,1.792471049074607,1.1100754177854324,1.1694573665806358,1.8325219987201502,2.9501378451974336,1.99111138075186,2.0453945292767397,2.468936771750646,2.7016052032990254,2.056704245102472,1.5222536947229117,1.8810434879682931
Farm_91,372,3,188.58,2.1419831426519567,2.821286031669091,2.5251422255831057,2.6465373062295443,1.9932904247790089,2.045387548089074,1.8132510350999678,1.374700835324854,2.2459457753761916,1.5309984344365644,2.7469463421120084,1.0357470616726316,2.100077481997208,1.9411836316035673,2.0200387594560634,2.92293491810202,1.1954064222021499,1.5051090948172101
Farm_92,355,3,194.04,1.8157652203939663,2.9246014982244795,2.6667552488633275,2.758793986611769,1.288335631636099,1.3161846745656975,2.1216246835550345,2.8189215960975424,1.0135711059536552,1.6051843053282315,1.4542994935426539,1.6694453738293038,1.194329363931931,1.4228003691218,2.4380343090238696,1.6417627980732867,2.2318640141733375,2.490904827014041
Farm_93,437,1,90.29,2.322895633226202,1.8558293803755708,1.6960539263774386,1.975437736630739,2.8405447376048154,1.2494722264433582,1.4568179231348772,2.0399962480738436,1.0869124926023412,1.5375625963232082,1.0160637277512459,1.3677464814419824,1.2646611122401827,2.073257808603608,2.601566826747786,1.9590822502124567,1.869380785327172,2.268380153842382
Farm_94,575,1,80.13,2.7638065695269187,1.394947167371366,2.784305833739922,2.261272381059301,1.881530495350738,1.3767364641341395,2.6444223106154086,2.5758818413458,2.8079600181116815,2.064491614283561,1.9841634107768302,2.360285685823354,2.3539992107315717,2.9159641072181994,1.9869774274766976,2.6234271954416677,1.852881590584864,2.545069592253263
Farm_95,281,2,114.79,1.818778262366837,2.2533172781826822,1.9409466393543136,1.1590394265929975,2.989118281219479,1.701844189931359,1.5912045550084426,1.4556863761530012,2.0551274427136113,2.213719615601857,2.0627216633905334,1.1134093027400933,2.3500932445798397,2.1770513627867274,1.2308551214085355,2.5178244977740594,2.0534957048600924,1.6493579126756022
Farm_96,555,1,94.41,1.5797613590677193,2.369546316558397,2.0556147271176597,1.9760764485634998,1.8401445905043285,2.8610585353480373,2.410725381793364,1.9804439493074817,2.4718039717370495,1.977558776459332,1.4025007291023392,2.1276067822232885,2.9582067885045467,1.0220942904255552,1.8758615276947417,1.5315988438573451,1.722765223131085,2.4810378792357346
Farm_97,472,1,92.03,1.0290301890552176,1.25088356890104,2.999415275643662,1.3096315097434705,2.2159154053672188,2.5993568273072025,2.026431483559104,1.7165789272477645,2.677001980886292,1.8159887244963047,1.5693487838936353,1.4212634445486019,2.423905976131101,1.1194218097527813,2.6849560764031297,1.3021820952107717,2.252119062885658,2.724606472052798
Farm_98,267,3,173.64,2.14967807571975,2.572966068591812,2.6866059323043228,1.7392862352450429,1.2095250729028801,1.865603122452635,2.1717952067055135,2.6556572141323853,2.89917353512917,1.4225700751398755,2.530306321697094,2.897691676934122,1.9864869918668946,2.985726867207105,2.19328281078747,2.4014091523747365,1.0611367346952598,1.6905489888371434
Farm_99,243,1,51.95,1.804549534862867,1.036120439519921,1.72354001154596,1.6586106257291986,1.9084556476137384,1.986153419575148,1.3592174776546058,1.0452088787184532,2.7387056958455918,1.9650111827642267,1.9406945174262675,1.671081884373071,2.7146556470671057,1.1438927184788807,2.4489167540186783,1.5153123536143895,2.939782683763527,1.6797916423236667
Farm_100,260,3,181.93,1.7492984380296575,1.9654567749535667,1.0206911929454,1.8470811544830164,1.4775317880079466,1.5312189153328297,2.470046396356341,1.4876854599322107,1.9666228973945878,1.682205427604916,1.6347081672005133,1.6504423827492685,1.2089459716318725,1.0920903200897971,1.370536044305175,2.8453516570484823,2.849417984091141,2.7999028078128525
Farm_101,322,2,102.53,1.365870642568425,1.6620325189897898,2.2523481475877896,2.143273235948265,2.6711295971424702,2.40870591294426,1.3772410380852622,1.3051484486047575,1.671940614761023,2.0831909255966856,2.2452520547238386,2.846769335981447,1.898591641792509,1.7060485387173108,2.9286755364220114,1.2584953879784522,2.8705403251638675,1.0995805063754183
Farm_102,548,1,96.31,1.8601106903825486,2.480606119798168,2.407826852256216,2.8057532941259917,2.5678391697350795,2.605531342924076,1.2269472752548782,2.7183780774431385,1.3089864724120763,2.3503788310232476,2.3055195119522507,1.8346958406082827,1.5742182218551395,2.9386344065386734,1.8081610589866188,1.636630400269553,1.7300069911674367,1.7003788114616887
Farm_103,395,2,148.08,2.9688839071667363,1.6255214548436319,2.3016053802867593,1.7889692626950107,2.648359999250717,1.477809391335153,2.093358999777574,1.9350876993875314,1.80064296497456,2.266624348873221,2.5387915536816044,2.925724668371484,1.2092756138552512,1.6373503074657314,2.307271045435458,1.1095744938498275,2.0637819153181995,1.2373449841436082
Farm_104,529,2,109.47,1.5955083073444887,2.6536142255620656,2.935724702326426,2.9622623914231014,2.447218875515903,1.0836432475729307,2.4185942738353305,1.8084400877864324,1.7329871583223269,1.9249804208111867,1.3134185915258383,1.048340704267007,2.5270041694407324,1.8197682617505413,1.0377445091812105,2.406610613726756,2.9082612061151503,1.0579611804999525
Farm_105,522,1,83.82,2.1994088268162004,2.189906977561621,2.7259420546642885,2.5180560961024057,2.6653664472401024,2.2477778863259408,1.1000716728695135,1.8989655242021597,2.119149683911747,2.112104848559922,2.483034504653981,1.6126891504042926,2.0215840609977676,2.268154122417131,1.2546385245105827,2.7825252978307966,2.8046921128551734,1.2257388352936442
Farm_106,310,2,104.61,2.552973762631334,2.587786723524144,1.897663386361297,2.0229620935767665,1.4016575003498417,2.1250242382706332,1.1387906298810841,2.9438491014046706,2.331018817514427,1.5697122619215194,2.198856784220837,2.3323859205328623,2.1135374397949813,1.0482236786527956,2.564068539769838,2.2717490546620143,2.5804889518022947,1.862491582360554
Farm_107,457,1,86.48,2.4983156463530634,2.9786812756792473,1.125714974944762,2.2880528742238884,1.9040875531596033,1.8042623100577528,2.6053583254118378,2.700534788671848,2.9566509528900946,1.0484805180447794,1.1151437306055942,2.781713929055277,1.822510375820658,2.795527155038376,2.935938891040509,2.875506031022967,1.8146631796951849,2.3739121384555815
Farm_108,288,1,67.36,1.6575485749851815,2.3583166914871136,1.9521175390039938,1.204448342263889,2.383693759891936,2.2877878835464203,2.618065399014664,2.412737543700615,2.456772372201465,2.250038908336208,2.5548912565068225,1.5128111860165678,1.9206744632054704,2.038886035108864,1.6401107101109564,1.2570079570024193,2.128678446364347,1.578564848883926
Farm_109,397,1,84.05,2.221720167033701,2.969900632723288,2.3784880399240462,2.6890430626273094,2.2747849958702697,2.101226595970287,1.4906094341181624,1.5809579184465092,2.2874970648858466,1.5051371182753739,1.7661605626663701,2.860955183927336,1.2320347742460063,1.933621812008116,1.0743614698825297,1.1754678545253978,2.585824948433295,2.6993506148022495
Farm_110,481,1,68.64,2.742529370540314,1.0576726538434107,2.2154196164540094,2.1647149101279317,2.4327089657481737,1.5011631531883856,2.230456405600407,1.3303459990368955,1.6701848685366851,2.337907420136549,1.660761868659275,2.188242932998376,2.345835648573953,2.721453324413261,1.721733203960275,2.6768254623347416,1.5460239910800635,1.8752312574767
Farm_111,399,1,57.28,1.030894855466156,1.6762799769676169,2.0762741354217695,2.9721349604192033,1.4485167663024634,1.7954579512454447,1.886360150289319,2.8428672580489067,1.069007752996652,2.494016999193919,1.8961503031632687,2.602016486395832,1.8648947192104275,2.9061531787160426,1.0349362605580052,2.7110223507730153,2.2528987364562227,2.936456101923487
Farm_112,298,2,120.31,1.8714687136866153,1.2157065291246183,1.9376379160304826,2.272857487505698,1.1968694180899795,1.8562271394944834,2.265392082807026,1.8461510455929657,1.5762502577093835,2.8318554922075623,1.6923501546122581,1.7944146086137944,2.6335351462591667,1.8468504632936695,1.3847461845249383,2.6620790542142565,2.655868649703714,2.9083113388874002
Farm_113,226,2,105.63,1.4485468364838106,1.524609862768879,1.5875237460547726,2.66822316653265,2.8336131561495526,2.7604959889511274,2.72575856819845,1.5575115989372583,2.5368958009192353,2.916245590959226,1.6765711844198181,1.4243607651337467,1.3925744002861522,1.3448821585864614,2.5049440301074766,2.5979298050674915,2.4149095834658025,2.54655244533363
Farm_114,288,2,128.84,1.777264580797678,2.677775798251549,1.5546935234492585,2.5995254855904797,2.120343791134717,2.921808308257919,1.159712849164513,1.9418416528352709,1.4105438816076035,1.0210520926194029,2.616155335401251,2.8224708308953863,1.4101101868376715,2.631418540004146,2.8741767962129923,1.7244567278773204,1.9589612623820014,2.8648109922932363
Farm_115,345,3,152.05,1.8319792159504833,1.0646465306521806,2.000462957851604,1.6909223029365377,1.307651849014822,2.7860027247929944,2.5559688519769086,2.8356948456407043,2.4243763873482287,2.9807484187092745,1.2490105087313845,2.866271736812437,2.2915191430613753,1.8065208424449744,1.1748981687377733,1.4349241671827755,2.1692167191103167,2.414192152322223
Farm_116,381,3,176.37,2.493341929573274,2.0403658714647874,1.321206292859298,1.5192212504664233,2.5868731637747233,2.4383560481039592,1.9860582090420786,1.7741346267825864,2.1595596851388317,2.366036636988322,2.941200135714917,1.995150288308271,2.6920068467947935,2.8710910790235324,2.1158015576210185,2.85760803999558,2.977351086291588,2.7911663799823625
Farm_117,456,2,144.32,1.1876437447908863,2.134257415064746,1.6813708471496032,1.86098716686302,2.829859873258565,2.1699854672116436,2.128253887523993,2.125281994496199,1.3437137395009298,2.2870483207483785,2.1098632887486866,1.012990031998513,1.9443956772363507,2.899797967661966,1.507761692248064,1.614000365696668,2.20397558929442,1.472947434732613
Farm_118,388,2,141.89,2.0251678062650207,2.122302293343912,1.6479585494201991,1.9344826888176743,1.3391270371422181,2.37852327093191,2.3078627200342403,2.6059326022171336,1.5232496125836599,1.0304261903907108,1.3658479968426258,1.219565907340809,2.4539077374662,1.229658063442739,1.278118251587859,1.7968153643280644,2.5712355080372875,1.6908404003535973
Farm_119,439,1,94.14,2.1283895835974906,1.9505941476465114,2.1742656031684016,1.4801694038732878,2.634824910538221,2.878218441465378,2.845246298258215,1.8542650620967824,1.992607206972953,2.722466823773475,1.262430965863373,2.1460559204634437,2.9986598429861715,2.9131079346657023,1.437960459783115,2.3991179189032663,2.453209528755325,2.5058601320097234
Farm_120,558,3,196.1,1.9883152071036088,2.581205929539511,1.1333646007260492,2.7891957467019437,2.8664501226382564,1.4999974704476635,1.1134399071034757,1.4670836038527366,1.836749410215695,1.2909828944956527,2.183019064269965,1.0475534046037724,2.980531279457856,1.736540650890242,2.155526134995415,1.5867121599879752,2.4029812310587264,1.8491224764131142
Farm_121,586,1,55.23,2.46374650612544,1.2670861790111023,2.6593373605301904,2.0850957246012918,2.8767232005920347,2.07024101534681,1.0589527042488953,2.989051496766067,2.557127695093519,2.674660307866082,2.265998887693856,1.7938238479733906,2.4886736856434,2.292505035314381,1.130269002887922,2.6382604431220025,2.432738110228087,2.6746548676490356
Farm_122,395,1,56.44,1.7675825118136947,1.6211540311015746,2.124756760768804,2.9568887843071394,2.8283129233070023,2.379216038000816,1.356523562977547,2.9131417149043193,2.468809285086494,1.031125092517432,1.1060515420596215,1.6067398911440252,2.4791729793564974,1.069500163468092,1.868437192336835,1.1400692472635625,1.9088195025629278,2.75527774317555
Farm_123,496,3,177.85,2.889934127280152,2.2314521068903455,2.3416533615518706,2.6200355560925264,2.0928420247202055,2.3584940026485492,2.972895452053473,2.686958338251028,2.1491490069460344,2.2919285249983226,1.4860038282575716,2.4286965508044096,1.4952377743978114,2.777768548167665,1.2704557019103278,2.582365334777869,1.9483203490362506,1.5994589694418497
Farm_124,364,1,94.7,1.9636068850778827,2.3819027325359117,2.4061878075188656,2.111409720783892,1.7124226345077385,1.5045579191536729,2.430152734755551,2.3767477587718453,2.6445494229458504,1.8696030675396555,2.5909238424429346,1.1111573458958706,2.6670792630875475,2.28319465868973,1.545354104788963,2.2037026452356083,1.9357254747215646,2.646901616379147
Farm_125,506,1,98.72,2.142427819229595,1.8082968635541126,1.582968273685073,2.8940805562887184,1.0145456153880186,2.1734630547795035,2.229282238109004,1.589731256139394,2.125339081368617,1.4015334581186703,1.099249255487051,1.977462537954575,1.8102042540942411,2.2871089339128385,1.3815086594865278,2.145987288227186,1.0665092144252162,1.3085285421303001
Farm_126,470,2,102.31,2.651061646693499,2.7507425266544665,1.940743134769733,2.009749630190614,1.1218244537430542,2.591826284840313,1.0940781068294958,2.826825876328064,2.92877851331452,1.2151227835408682,2.7101773278120724,2.1582285397512107,2.9239878197336453,2.8043523199549676,2.7659509996617944,1.9167540782773214,1.482130660664647,1.668393423073698
Farm_127,207,2,117.79,1.550472211862245,1.8309867933918287,2.9124919117393344,2.7742130250373407,1.8576780305947813,1.9501579601004877,2.75822044778593,1.5511133402424575,1.4344481983021629,1.8802553930926529,2.316324953052667,2.2345821521052356,1.162855377413871,2.0166943498146863,2.416022661742579,1.5540911925668448,1.3091280132997656,2.0359299022427777
Farm_128,237,3,160.64,1.150404057525605,1.8055522686966663,2.53341047599363,1.716289562391611,1.7986522927830206,2.58659615339747,2.625513706594319,2.601618989353665,2.4282639872043053,1.2466116106428495,1.8688465187264096,1.8103153440338817,1.871680737745452,1.821033280725101,2.736925157894941,1.9281405708624733,2.7728900227945146,1.4528875242077843
Farm_129,313,3,187.8,2.4155679567249653,1.07241452297477,2.9391137504463707,1.7572847668081881,1.3694278191397664,1.7197651955091096,2.32960008773417,2.836516335882613,1.739888264108936,1.972893223382095,1.6928656979418317,1.608735566859102,2.111680975366997,2.7322575045846325,1.766925669095385,1.9000570240373746,1.549938732905898,2.158535659150399
Farm_130,538,1,82.01,1.9660237110967573,2.1022826723894674,2.492508690292577,1.8362613659418623,1.7909600560633137,2.877520254327518,1.6782616309694054,2.2060076808598232,1.5579323888403878,2.2504341173057045,1.038497927697788,2.3649860674742973,1.8103124141723297,2.4848410237427965,1.6268267297073402,2.16750837756614,1.2768852689310808,2.157390157435293
Farm_131,255,1,55.99,2.7930085019179893,2.41736167702381,1.3512002794170348,2.0932512918864923,1.3493001309107362,2.0678568809982023,1.1410099111365146,2.6061124357823577,1.3607749519354257,2.654768387214716,2.650429891503686,2.69513809620499,1.4211583810098867,2.897951329929802,1.761174389795534,1.5631485717110605,1.2395338638217699,1.4138057897018115
Farm_132,558,2,124.18,2.965360097444868,1.2288763270336962,1.1290717676893525,2.106980540397648,2.697582505551681,2.1918959015852284,2.1600769758018448,2.5833901984034933,2.1050069525230874,2.3572988743657333,1.2854437079370762,2.3872352755657573,2.1859769775650197,2.8802437866210653,1.037096391448815,1.155191163952298,2.3999796691043174,2.5912826897709134
Farm_133,337,1,84.27,1.7982187011494584,1.6108655321757417,2.155322873439327,1.9927978433541684,1.5963897557511977,1.0627231376091768,2.4393891429216747,1.3863155022419598,1.4309388654984225,1.130399533412301,1.6190839837241762,2.864204730914443,2.511835829250275,1.7646523291204805,2.4494085502971163,1.2901788932782765,1.0121666218299186,2.2632889788229935
Farm_134,301,2,138.95,1.8308780325193217,2.5625139075657044,1.7156265594052191,1.612001947166335,2.19712870031662,1.3405382742571885,1.1884807009544949,2.3358489471921695,1.4007017028968118,1.6148650650956744,2.138213960725608,2.4345270507158543,2.2896771920403927,1.8939725802828358,1.6995449137901566,2.3983548629231457,1.9426088035130165,1.6355210136499085
Farm_135,533,1,51.0,1.8159252044114529,1.7318388708271508,1.5509158202763405,2.8544129295816623,2.0056861239981734,2.2658677609420894,2.267535319596992,1.186935873808887,2.981063810167636,1.5759572158650008,1.4919852001425085,2.5292374680272367,1.468897697616079,1.511969907581557,1.6266476071535834,1.044984659271081,1.2377422111963925,1.4643695669405838
Farm_136,376,2,144.52,1.6491082194618523,1.4832049240800798,2.614421992850835,2.1771721946985085,1.1037641551879844,1.8397407435645425,1.5727321357743171,2.0157002862749627,2.6034948336915216,2.8300648469421685,1.9942809275044027,1.3358063932041777,2.463215888737048,2.3212957782771353,2.196282130741066,2.71288608929086,2.6993267552718105,2.7575002776689868
Farm_137,368,2,128.46,2.563374195532795,2.3444013271302246,1.7339865341638947,1.8154784323831898,2.884467438982332,2.0163275809163492,2.5284884424396235,1.324471096281155,2.4965536405087505,2.735564088785527,2.6186856574774047,1.8390792890534235,1.5137956120891265,1.7290839401777731,1.8724998234196328,2.3887946549598267,2.9169007129049165,2.6714844904493056
Farm_138,538,2,140.6,2.517991524981455,1.3935175553433112,1.6340019394686078,2.3023539214872364,2.0544519565009667,1.1259428174674009,2.079231701203674,1.8326989975928634,2.58812125176551,1.7402958367008339,1.9410758695805497,1.9701106619119304,1.35040472584808,2.5722012932153424,2.9616867364477972,2.5361730826154325,2.9175092324298073,1.4595213497110526
Farm_139,485,2,140.4,1.9572897411010497,2.7913058391663537,2.699975186338021,2.53593351561961,1.6501152867836306,2.6682704768207683,1.2580735756208734,2.665964149396875,2.937845747437485,1.1423105117651622,2.8979546882391922,1.5125863245892153,2.3813360308774443,1.243101521461821,1.7125060857976027,2.6719688981869494,1.8839282178935386,1.0712104530330175
Farm_140,460,2,109.49,1.0893224327577975,1.211196792052282,2.6925746729729205,2.921456176456486,1.3162531392661365,2.5690112045924343,2.053038895466472,2.9743356792604088,2.146553377506407,2.788214635609467,2.695001240752683,2.0570797207125757,2.6855744922278584,1.2328057023314918,2.227791684415827,1.2454208878603623,2.289029648869593,2.6090651914862475
Farm_141,574,1,55.51,1.6191186030261469,2.413099604565654,1.7127332755101132,1.9990983245351652,1.6770532694536715,1.370707951443699,1.7914737267334373,1.6359196633192354,1.440487754805721,2.7763799059283745,1.6660784707267884,1.581583888443695,1.9630788953931488,1.4089107628387938,1.6233022012193035,2.6449021819401324,2.199408273021489,2.231017110530086
Farm_142,422,1,86.06,1.584606093109675,1.9990974025727504,2.6649974019719327,1.2241970207015176,1.041023206046779,2.2686587145147588,1.3607119365633038,2.0639113975663532,2.724419281506478,2.70949226406145,1.7999242491678755,2.375004185608832,2.0627835862768755,1.168584376874827,2.9811899604213137,2.0092848753181127,1.700077802771906,1.2017640561069194
Farm_143,398,1,57.82,2.622174492400517,2.739859124793987,2.701556980665321,1.8815316028730826,1.7271163106965954,2.636630423308543,2.6830314481242463,2.022596048740977,2.4854614589081803,2.6901632754710034,1.8466534540450543,1.9405769534063517,1.605495140942465,2.2400632153564697,1.8902220694402563,2.7710476775063944,1.8881289828410623,2.1747164124377902
Farm_144,410,2,142.5,1.1751511468323494,1.2523901820524732,1.8478610700593325,1.9579411229069428,2.0629718546090094,2.2817082728312,1.0220568969982724,2.908803019662132,1.8286166246683462,1.9605080021723094,2.2523589058490296,1.9176139085380712,1.9892360302200645,1.2947055320334773,2.268257621733606,2.773173202120687,1.1286473944665714,1.9043653707233885
Farm_145,486,1,86.31,2.6113507580854085,2.3557898369921757,1.1329462604183431,2.7939881563713476,2.7437324917018895,1.6207961905916897,1.624256553756212,1.957167464865547,1.9471389971492927,1.3548633044991965,1.5735914583770796,2.9672850620656233,1.2639659960248144,1.3199258349353085,1.2534433419053541,1.0483560875083404,2.5913980653429745,2.549100654947383
Farm_146,379,2,142.09,2.338367304398286,2.144109278362763,1.0031692889326802,1.7896015369259062,2.3747488353955952,2.3122223009563343,1.0251900763388535,2.3982124107993954,1.8225047969577381,1.9549761009248554,2.9384982776450173,1.784889697085141,2.91166165936598,1.028456447458332,2.466048429727316,1.7657304309670778,1.481607024309238,1.41816968431746
Farm_147,449,1,64.95,2.4648829182608987,1.9601802844800928,2.04658492577799,2.9066485297742766,1.2231646262664828,1.4209234953664245,1.1920138930123054,2.8435784662170525,2.8598843204580082,1.9891955413389297,2.217368441207002,1.7245908651791366,2.6007213073131927,2.5641800292472197,1.538420115751244,2.0527975917305468,1.9210546622727525,1.906313488610053
Farm_148,430,2,115.83,1.864426375170047,1.9828145268653368,1.6881509867407114,1.9702638154286696,1.2954926488759222,1.6365099945588417,1.594192438346162,1.7467571190736801,1.6870632229965883,1.9798635064897214,1.798803317482267,1.6372087425653088,2.3359461216443695,2.624592110846962,1.8972265056593438,2.356720179565804,1.9612414672332878,1.3124882285038335
Farm_149,222,3,183.56,2.3594515920035164,2.4439539235970615,2.994263788316732,2.9475610019578578,1.8562467356367494,1.4801393062143573,1.1085423707787472,2.8042444764907755,2.926968557312345,2.0775451722302325,2.2900196309831347,2.7894984419515962,2.076388743368806,1.3240448327288794,2.7662661246549156,1.572372493368268,2.1214234783026367,2.9150544556216933
Farm_150,247,1,51.57,2.2180578894138314,2.875483309869644,2.5448219992545686,1.0163966422619244,1.3914155032775757,2.1138502047804133,2.1932610647142825,2.8349124437820272,2.8205435425078997,1.5153140459823102,1.7908100210594153,1.9934476521963564,2.5843382724559287,2.479048868534449,2.9411050297702026,1.5042845213293046,2.63575327577618,2.5574763138503283
Farm_151,308,1,86.32,2.537960390457259,1.1825033182380962,2.522550912700825,2.7976307496126935,1.0556995551655115,1.2164532935310972,1.1737258159723656,2.861325007934261,2.2610422844963467,1.73248236226723,2.635591361958838,2.200028954961271,1.9895144791716086,1.8670902463147192,1.849144203680714,1.7625314381780945,2.3837620923674994,2.473444853002793
Farm_152,495,1,91.79,1.8935396689365043,1.0390052952210405,2.9104855365746873,2.8622409038867014,2.6100297602361406,2.8666207606966774,2.4034272681321904,1.5408923709428528,2.159643546200149,1.868373183926939,2.1356819211034423,1.36163695800479,1.599947816309065,1.4791897659307827,2.669605335909,2.0018773834997887,2.326126098258384,2.3804133300416037
Farm_153,205,2,120.76,1.9456512497926048,2.611409584962407,2.775448795786642,2.9220418715304266,1.0390451413959882,1.6670247073257336,1.1052842252543222,1.800711188539917,1.7401785601399418,1.2622424190329997,1.083941006812134,2.081884720009854,1.320748470333344,2.242769216147658,1.1066979890997215,2.9022924628108266,2.0534909916098796,1.8466728849327634
Farm_154,237,2,138.24,2.2871524454796406,1.2163387751015187,1.6363749589127774,1.0261530683492297,2.661379210396028,1.4379402542116027,1.1186177896021936,2.740791816451404,1.0366767780212998,1.910728269123001,1.3535137348469215,1.5492963857369766,2.2951711776036143,1.3569681486941696,2.695148059580525,2.524216933394875,1.1919115098931798,2.8465648314062895
Farm_155,368,1,58.73,1.2161549873327766,2.9733935921608476,1.3319744432077527,1.343401673100618,1.288207926065932,1.9930996272036625,1.6106517980665327,1.7183236485608375,1.2552463724755065,2.620939234139186,2.7299879460590692,2.461273842525755,2.858851490053028,2.513767215306071,2.2590206443052994,1.8586423338754106,1.8040169433017228,1.1458340238540108
Farm_156,555,2,116.11,1.8724888967286346,2.238696497917674,2.4917845301309645,2.3075290061864724,2.9493568216142325,1.553995636909432,2.7931430499385552,2.2005060658670104,2.5084626466990976,2.6561190854657526,2.12579965271358,2.665056697584764,1.3072371070087023,1.0952304551411034,1.977412336783204,1.1087323568803675,2.914633702581104,2.6065181433579037
Farm_157,482,1,98.72,2.943901690519611,2.3017327905082814,1.756547787365746,1.0509453834702143,2.2077478236523804,2.0698081727652884,2.282786497446633,1.236109014520104,1.9430802531763305,1.8231275438020607,2.90068695302781,2.429621384262555,1.3600360901016135,2.918261865855829,2.7799274102744955,1.3370411842875187,2.991096150576505,1.4304654642114654
Farm_158,402,2,149.32,1.0751046401200912,1.3977834058760348,1.946345303261913,1.1272179923530015,2.469965943259791,1.697018299564171,2.5402625838578388,1.1125499762224815,1.2996762683759362,2.037616624168707,1.1448446257213696,2.460488332540515,1.8672120668190701,1.143750507417249,2.690674445012828,1.911848848638834,2.4609962922018367,1.648055911267696
Farm_159,524,2,125.63,1.6320094457327876,1.4806246205933489,2.2607954625496536,1.4421577473868838,1.2209672559361298,1.2641336215380816,1.2831042189542121,1.8239879789843452,1.527921708263742,1.0673006642701133,1.5905212601719478,2.024949408239034,2.613798695839378,2.1588968384973795,1.593890191907144,2.6276518001974085,1.45502992614929,2.038859457934617
Farm_160,512,3,196.71,1.6282196381787415,2.3187006061985,2.815745353870481,2.0248795374877684,2.72420814690296,1.531790484054524,2.6682508664944917,2.157833065185435,2.8956737996939994,2.348865112937194,1.3870867464791452,2.4242361126682708,1.5878454579430092,2.804388580244757,2.5829767646895148,1.7613910713546879,1.2037812920067918,2.5653100221111593
Farm_161,472,1,76.14,2.2669282384715452,2.819453675868394,1.838175507341932,2.091805118533615,2.678384685743077,1.8768796899230504,1.0162924963884703,1.7853982267178827,1.7342656706205302,1.8092117658937261,2.1076805844574724,1.8453738710163206,1.5078258493400563,1.0238089376957007,1.1989818673247452,2.0769933014901194,1.8295287180923985,2.6770698153074735
Farm_162,443,3,164.58,1.2116007188482798,2.9647811090351333,2.566633780438723,1.0685222455870087,2.3059854630834353,1.0605864529592512,1.4261147014660123,2.1554715403216838,2.8153638904383067,1.8909553661666916,1.7655856621598187,2.302978307059226,2.2399325829256678,1.997028921978114,2.6455278709347403,2.7836097721702044,2.7131438047186713,2.16746450032025
Farm_163,526,3,163.34,2.257088061757722,1.3960618932621873,1.536679582549315,1.3407345015630623,2.004549729190775,2.541285054029524,2.2321846422999867,2.0301687523435703,1.6092716645871534,2.7473454543595297,1.3145470681527864,1.5180784202410293,2.0712295637486635,1.7000139286213598,2.350911236046501,2.827592518853258,2.4437284797900007,1.8060709778693704
Farm_164,246,1,96.48,1.1900804813032388,1.2682392454195803,2.395943581847227,1.9994113466693106,2.442978346263345,2.243649129180832,1.7504928171881007,2.3714144585721515,2.086440188734322,1.9236688691212167,2.2855038279190936,1.1395140246240203,1.1204407288904725,2.160664380515818,1.1757326618638855,1.4315499928853788,2.76778447508221,2.89300484280642
Farm_165,448,1,58.62,1.189907294836662,1.112802715521581,1.0031588421558237,2.1878812418868105,1.0118564306737563,2.2027192145567085,2.968386783437127,2.2990648621307797,1.0409541667243958,1.0423844924557055,2.072596731594373,1.826946528243937,1.162979954618553,1.4509147734753174,2.366160346948271,1.0871898435851888,2.2315526293953045,1.4930425916787367
Farm_166,278,2,128.98,2.4563667143769647,2.7365940363226557,2.7430144269812695,1.2968033929724307,2.184881510796919,2.092099863765532,1.0606784936366365,1.8484914064131601,2.043750220747154,1.4549817817381248,1.549472502592602,1.92355631156098,2.2860259603695323,1.1297984344634495,2.16103855335274,1.6108210619430299,1.2606567291793846,2.6061891517612708
Farm_167,309,3,177.78,1.6482703476655927,1.5894296937129375,1.060759159908925,1.7976828238939413,2.694812269858473,2.180626344650137,2.9971963358730864,1.8499904808397265,2.2738840212212605,1.951241228616518,1.9595427155647556,1.51281431637738,1.9302471982955591,2.251866073697414,2.1891002022900894,2.3916046296515603,1.2295919339963282,2.2240992428963064
Farm_168,212,3,186.98,2.9548458954274954,1.0036240677385033,2.4255075095251684,2.8088028730339047,1.7137997743495097,2.869303905414441,2.247255665722632,1.281556680024464,1.4686101986743558,1.8487925854970715,2.4914766300823787,2.455419036814475,2.941954383178294,1.833698478986805,1.581727870259397,2.902224401952533,1.0960046052602586,1.7537900337704275
Farm_169,594,2,124.96,1.0747058728711099,1.4476361721128577,1.0925163785225678,2.997798574092344,1.2165787129658336,1.0171384216214814,2.117413989192193,2.0264771441929184,2.157874352410714,2.7207402745609612,1.410543349101317,1.1471009579525584,2.3570628214601292,2.244971077412459,1.5329944000256905,1.1540639999682278,2.134159941147062,1.0027359687270736
Farm_170,579,3,163.61,1.8902133274359882,1.6808821601988368,1.5324913987880069,2.9744289096622825,1.8417544994864123,1.0955994193154985,1.1190248851279487,2.1743582562713932,2.294335544101971,2.0842750186123333,1.5858114934034582,1.4454966487583771,1.020147323986463,1.4210782936756858,2.52507022410804,1.056967621098543,1.485772473249578,1.8931986026972536
Farm_171,564,1,58.47,1.2262718753480473,2.9819723389933706,1.9944048071131062,2.7633490205737448,2.454208898117014,1.3829868198616047,1.5466577533317813,1.9529787947076525,2.373772156763513,2.379271483830242,1.6922219741882303,2.4971294369072536,1.9620375596009236,1.6774825259069637,1.5136269620344782,2.768294425971444,2.468767282709901,1.5534399950845985
Farm_172,289,1,81.04,1.7027579335162173,2.047083187714163,1.8398773706964764,1.7893201758998916,1.214602420741345,1.3346027599863002,2.8493253765831916,1.651414670173998,2.5528066440442063,1.9386465940869402,2.493452874402063,1.8742485474800248,1.828895870070959,2.123362778729221,1.8925245036197973,2.4962905382062823,2.3724998717150143,1.2086932266511212
Farm_173,541,4,235.95,2.9964449012181014,1.4094278951902026,1.3836722292020212,2.3731485841495683,1.41209712042578,1.3623889189383653,1.7084920063784885,2.4432970885034715,1.622678485858833,1.8793114681183298,2.6938451991018137,2.4105672480786247,1.2134277199875374,2.186225556649455,2.3895779971975695,2.9844971583111506,1.6362214848166339,1.1503171306761697
Farm_174,547,3,178.48,2.777685023477064,1.6696366894269021,1.6676298234184748,1.8331844555683974,1.2951036936573999,2.3438877716973003,2.323306400934502,1.1493232892904481,2.1355539128637564,1.8925733369487026,1.7527769928832218,2.1349717555671925,2.84641767174438,1.7446296155485304,1.1592325026548755,1.7935857629313063,1.3536033329281287,1.695116654623204
Farm_175,479,2,136.92,1.0966488177107938,1.660615375113757,2.4554127401219343,2.297054053648406,2.59389551115045,1.9189666021003307,2.9989927008374435,2.8288807395080946,2.9631580595291886,1.8218431393876777,1.5932417236678365,2.901425499994725,2.6100225981634475,1.5601064112331129,2.189096765223314,1.8321018102735387,1.2048006995920024,2.229514777481297
Farm_176,420,3,157.08,2.1265116876513668,1.039451492926351,2.3385141851592968,1.6188649419389665,1.1257852449049737,2.983557756669386,1.5261394276670823,1.0412868790915866,2.7962883413303143,2.0771667717084066,2.7788935167033544,2.195591665445666,1.4601718168400037,1.5474012589771917,2.1787527452962347,1.3446236745948992,2.474630547626194,2.6750386307295475
Farm_177,272,4,244.12,2.295644609648871,1.2703661083428601,1.1436291675278314,2.212404507220664,2.3731730042288657,1.4537718296058897,2.1521617580289876,2.924700266876556,2.9053308561967333,1.5008868035072074,2.9987298643853575,1.0297379486910394,1.5119615176859944,1.3493987028417969,2.368457421776051,1.231694305194677,1.9008819908518664,1.3671264898946538
Farm_178,433,3,179.12,1.4190692479002514,2.3903929194064224,2.494631651145773,2.0475169931057,1.7329138415063827,1.6216602020549893,2.3928755854044264,1.9247112018693249,1.7722727970571428,2.782110387683642,2.340707279323598,1.705754701008668,1.064036106638902,1.6508099246591743,1.7398561906113172,2.1574360211804757,1.6470598283562778,1.8492879426180993
Farm_179,459,3,156.34,1.2902111467929005,1.2405019731414693,1.1060917623940567,1.0489605316264,2.511582485770605,2.968481433603298,1.3292544931308303,1.8253398880070824,2.5738562117933235,1.6661710961877458,2.9799612299783615,1.2861213644094154,1.593434903158082,1.39888067402644,1.8979595481276794,1.728570002589665,2.7133060316126243,1.7839122802843044
Farm_180,312,3,173.1,2.808762269331047,1.4614685532122376,2.085852778199569,2.5814058074922275,2.9287668375680753,2.663516281604494,1.2973451273923642,1.5128880349263762,2.2397959035206956,1.2950476683546936,2.31993255560382,2.8492673551954066,2.169244017826707,2.2676308124598896,1.6599386278893873,1.1606328958904901,2.1872264331387683,2.0267880184170313
Farm_181,245,1,92.24,2.9376328829667533,1.7014745968086176,1.5201254960843813,1.0237956644903112,1.2290905991729646,1.9395984413570655,1.9126158233163466,1.0201422696645663,1.1654701661244822,1.1931009571954903,2.46692054401565,1.2080249085701606,1.8416867767733365,2.1381339964841795,2.616336494377552,2.77397413904664,2.036004672793169,2.6191745416191057
Farm_182,473,3,194.88,2.983785714639284,2.5154698890045877,2.175380255119638,1.5863118845066035,1.628770082134917,2.1091937710919795,1.7716250435185787,1.5495805288435995,2.647960778314131,1.0268458302402552,1.7773120030870273,1.775413326262175,2.9385109274393617,1.7651776473418401,1.261221520072265,1.3967129364986661,2.4867583299512317,2.1072904359984697
Farm_183,242,1,63.23,2.579523547469269,2.1648019297358796,1.5226567918818037,1.0118481309080047,2.620250855437714,2.686355841305681,2.4284308737146274,1.218799850920668,2.354202552714729,1.845712157133723,1.865935093998107,1.4521983872533843,1.1121603385273418,1.651660039874789,2.92590790715066,2.4971686940070654,2.631166280470577,2.6933098270045885
Farm_184,407,3,185.56,2.3270041388105143,2.377999969977137,2.969915939251662,1.7524028265903964,1.532316772102353,1.961960492092656,1.1390175428971725,2.3196416853867894,1.3978347190305336,1.3752219770908494,1.2882713279787903,2.6934439807934667,2.1828603177980215,1.475228400389285,2.269672311958435,1.5644571922362223,2.372146310845439,2.0371035121379553
Farm_185,548,2,105.0,1.6914605043859958,2.1340246508403444,1.6194563674550637,1.1263210563282786,1.4302411940920818,1.4120474471641686,2.9443332474813806,1.6381499446414525,1.1594771148589227,1.0432958051744958,2.6455000295302464,1.617132995177834,2.716618881014096,2.0709166179186824,2.7738134487843515,2.625809661505598,1.8800126371987054,2.207694730362543
Farm_186,302,2,101.68,1.3427966246495049,2.367184850443738,1.483921271348992,2.8270219336624827,2.650755955737943,2.656889077108771,1.0285539633716647,2.5343586568073233,2.674044261296661,2.0400390925790477,2.8621180617744004,2.9837869662852903,1.9614818248194452,2.8378055286913764,1.8524629165295285,1.236793682855308,1.758597585344375,1.8747664849859795
Farm_187,323,2,128.02,1.1579611987324634,1.005684307327945,1.556930581830692,1.8313585903257372,2.9741647280119405,2.075544982551287,2.202633648672302,1.4138323746922339,1.1578036589824021,2.359957097301523,2.246876267388224,1.0772332112245018,1.0059254411207936,2.3714061027778746,1.6645581407839933,2.512143220443523,2.543329876545404,2.6461911605912674
Farm_188,209,1,84.74,2.386594937102984,2.861796288742859,2.7929457145185905,1.9189915497288201,2.1137611802959313,1.3060851943276426,2.1252651917347767,2.800469714864219,1.1827077307328733,1.1715021018222087,1.687294616890797,1.2565535449251317,1.4856029996525504,2.488829428071135,2.801451620247967,1.1962377478010249,2.035814321280572,2.8476544127293053
Farm_189,528,1,89.79,2.5694468303587166,1.221840461749613,2.2724376573386893,1.6997004721817097,1.5560974966666785,2.0111716623687954,1.2694314617394515,2.045963030211665,1.8548165758086306,1.9218415458393192,1.3080326507487325,1.4492775528582182,1.6475379513359323,2.6687557273128153,1.1977460577526056,1.8938315757138866,2.4087721570347527,2.2782894762462913
Farm_190,386,4,217.01,2.6529073049099603,1.8124981919538097,2.461368194841553,2.2550123084035327,1.797131923200108,1.8264067611937176,1.3018319654270596,1.2290123929379628,1.2695956568389541,2.4872573572014933,1.5303124594106299,2.6222120804003186,2.9319889891149247,1.7032699466756975,1.2342144630105556,2.468008701199209,2.7807975781611036,2.6415648983458078
Farm_191,230,4,200.33,2.8275300066075975,2.5420767404897093,2.836021020188701,2.5688162332364075,1.340260654767218,2.753685063763516,2.5853549755892535,1.801690471306958,2.8273391948854387,2.97161364201685,1.5108208417036866,2.7570344181280317,2.823546563677399,1.1257515642289753,1.5986935529693547,1.3464367623738012,2.8317812694734066,1.1180066679982006
Farm_192,355,1,73.98,2.759859127276747,1.8704614360188478,2.823744969690015,2.296293486097956,2.523774557781505,1.2521108627214068,2.775124916825366,1.4135210481395233,1.9405678725264734,2.3343806892851218,2.227055768327146,1.1429027612188447,2.898341010215261,2.2451176066432885,2.9195499635326367,1.571329977693446,1.5554312784811453,2.812223502893315
Farm_193,259,4,200.79,2.9994825445161855,2.8936851033350317,2.477891693157455,2.496414236790255,2.546948035645536,2.750419608896051,1.5660339317675391,1.3993708523363584,2.1383019613091427,1.4896791016190412,2.890074930727209,1.0649202835245528,2.6515169152339366,1.3773445824560653,2.266137219730214,2.7295339841843953,1.3757799005450282,1.3778501336782492
Farm_194,448,3,154.6,1.4881280219345026,1.9351778969975335,1.3956488576826458,2.8119473270185207,2.7502419847649886,2.0244220336205694,1.8759279279251369,2.012739475304418,2.856212178956175,2.433107279557999,1.096543773915963,2.4891137142091586,1.7032954682278088,2.1380872999913327,2.1083873932307964,2.770238641815292,1.5225747206736757,1.5130408546516159
Farm_195,586,2,116.33,2.5266152304244214,2.7498788112053427,2.6867466413500107,2.727093063342857,1.0532051271931278,1.8087288599622953,1.709990082076707,2.343784031272745,2.060526451276697,2.1958588536396597,1.002044599188896,1.266704013507227,2.811752844192401,2.4790204663141298,2.410712672710841,1.0898709049054525,2.5027435410710055,1.1066601364134925
Farm_196,573,1,71.86,2.1729190247495955,2.621656226724542,1.4075520683821274,2.348116905507392,2.1239626832527585,1.3239343688058807,1.1450940259733038,2.8232364110068566,1.707182291914637,1.4235985771630955,2.200363888628651,1.2659971741492784,2.9633690118740974,2.567276604295673,1.8349491121563324,1.3361811707059505,1.7401160720923203,2.9308002339481183
Farm_197,469,4,213.97,1.5224902649071648,2.9619726055973663,2.485797628196864,1.4292759258088572,1.4285108686863688,2.4016359252773585,2.346408492031619,2.0043240215273066,2.5943102116316634,2.702221651695109,1.5681209241594305,1.0447330689888585,1.7001426245499058,1.603678240495031,2.516147002841598,1.234943880545718,1.3467785616826595,2.704021698976753
Farm_198,416,2,129.09,2.9638106445738854,2.853095561501951,2.371206133089749,2.275405702083858,1.6817660309847142,2.853613418220081,2.6503858696113802,2.9316775501166603,1.8857003949504214,1.8548088544552017,2.7610966846779137,1.0996157551668437,1.5211119319728978,2.02486646513863,1.7864613959457551,1.359386189302606,1.1967709850139385,2.8263692081821676
Farm_199,598,3,152.77,2.795796209548504,2.7962476694257576,2.5177777002808934,2.012166191481022,2.569911230573015,1.7507547077986396,1.6097587147824142,2.8832697041467377,1.6369388512046108,2.9239553094682518,1.654500615811634,1.5273509171909783,2.0938325855644426,2.241930192554385,2.652726369712929,2.940375448612545,1.6546263776593757,2.69443233552003
Farm_200,201,3,157.23,1.2570313368882329,2.4632086810389366,2.0653713614276317,2.4344384620208404,1.3840673047229923,1.4831700013416669,2.9803515872614366,2.730125059968721,2.446458917211069,2.445802014895556,1.5794752010577786,1.1300109788216126,1.37430438519786,2.638961443401244,1.534590164153009,2.103310497580913,1.2722728807010226,1.9590611054425777
Farm_201,223,3,184.76,1.0523166846468397,1.7339962945364416,2.2774523644984392,2.6658632967858296,2.2766835011621795,2.1097338339983143,1.1517031145647099,1.9999545299248371,2.603211353226086,2.2891263092636445,1.5390212424365945,1.7377581833185511,1.0652484428127604,2.5227773302098946,1.5550933185960485,1.9362247809098536,1.312747225066614,2.848163868181527
Farm_202,405,2,107.11,2.3766615246653537,1.2122508371298049,2.906640160868511,2.4854429943728347,2.3091323824471965,2.5923718968677405,2.323581427629042,1.281807887375967,2.583432335168543,2.456705674953124,1.2897056545364882,2.665550062454698,2.891662342231739,2.9759506419547406,2.04476661085347,2.9689347461852322,2.36776794689254,2.9389456408543766
Farm_203,519,1,81.99,2.2082612577130702,2.3772901045287798,1.2021771883484298,2.6931223399225708,2.9081878298046013,1.007535389101066,1.896456029052178,1.4358089396307698,2.9553488282574154,1.956194037636443,2.163060948554221,1.6526405146431853,2.8514812648828385,1.0161693530600218,1.8615223167234702,2.113912259721471,1.0394641913368106,2.0051339535787953
Farm_204,398,1,52.73,2.871631248222292,2.95730816267593,1.61769454956324,1.1277327466820477,2.550321857057874,2.2627548727908584,1.8932038022133117,2.2953400054239514,2.5733338977499254,2.010452955603348,1.33642720466842,2.4556683251587432,1.325307707524242,1.874978881726266,2.2962316885693905,2.322235854691049,1.235106523250876,1.3512495626576764
Farm_205,555,1,70.37,1.4680105743207397,2.453208874663738,2.2227140261967646,1.063240076474928,2.607270294307387,2.1930320013972615,1.9152912320670805,1.8435099605683922,2.5398668718973725,2.702414770889488,1.8492623195805817,1.1878199296620602,1.8154804938594389,1.5120889727522557,1.728581509347158,1.6655410920983604,2.688730982426193,2.3172450179261888
Farm_206,313,1,58.87,1.168775895789974,2.857458738554671,2.9281082602629787,1.517001135399188,2.063201498035787,1.63630437160832,1.5173635476028569,1.2936032635079928,2.71497050747244,2.3618570732870054,1.9219441045112977,2.3187503748389857,2.6620726265453714,1.2397867742897468,1.4611012981407336,1.7642297290190372,2.689828170036506,2.950876579707141
Farm_207,479,2,105.48,1.518430667543973,2.6086094259110335,1.1911488953252023,2.8013321682172565,1.3735616143247413,1.9028460072099407,2.4311256546644646,1.9579878672786208,1.0003703905908856,2.7944866503832833,1.040984093755949,1.63349436651487,2.322000597641706,2.8230306563343692,1.9396171257658021,2.1888187676181463,1.658486957527154,2.74429371971775
Farm_208,354,2,128.35,1.037855281022927,1.3262293502333575,1.0450984430601729,2.6473185019679475,1.8511267314367033,1.4939264483236419,2.4431530521700537,1.0348610910040918,1.7248628223755413,2.781653507148537,1.033614559642285,2.4995057573940764,1.7895750183414278,2.9959241321913725,2.1219129989942926,1.1395715680009295,1.175906016737458,2.7236303522918153
Farm_209,364,3,196.42,1.0717855023778649,1.4984075411825746,1.111499196940656,2.365454595590623,2.0989791470236407,2.5797714759036854,1.564794220211654,2.4677907417991864,2.4752061920688444,2.9529800680884986,2.0404253775136585,1.2725040281127638,2.488341994365638,1.3611924158094473,1.2852001076593809,1.5117657720895503,2.4099406676144115,2.867636033614564
Farm_210,421,1,52.74,2.829715611841519,1.6837312035247007,1.1048113729223976,2.401517334879432,2.356838503427425,2.2690698667322153,2.6706129217169003,1.1471625889793817,2.199438022220555,2.4004293176906684,2.3920694644582645,2.795766755528964,2.7940947764203816,1.0768667856027272,2.1134372514663307,1.3936234989206142,1.7202633755477488,2.7879045211050943
Farm_211,290,2,121.08,1.7040331650037566,1.3365208886760083,2.815631715554809,2.4533409385164253,2.215418223663854,2.0654232440779703,1.63368988730066,2.258227239824238,1.3551440052632353,2.0046034353234843,2.884284964560809,1.4851544057958732,2.852316661051736,1.5501088953610007,1.6385134104957937,1.0317867862800072,1.0909292544098517,2.5525633280365856
Farm_212,366,1,85.38,1.8216180020193613,2.1633026653460137,2.442515815867649,2.885205400969494,1.787955657834487,1.7850523968356544,2.4501862479730843,2.586020615251199,1.6074661781770907,1.3326234004181647,1.3582385683139102,1.706275586562353,1.757699223844378,2.6697238361327913,1.7849037697370158,2.073802541040844,1.315653962599597,2.4365456643236545
Farm_213,406,1,73.13,1.0367433090762088,2.9509010482699027,2.354212732392557,2.664382304615115,1.5306262139916829,1.5827687720414643,1.2419995350241329,1.265287748907931,1.6735852221642136,2.4107611192948344,1.2065176188721651,2.9003614216360836,1.3471213601456378,1.5877801663986335,1.5586362581265625,2.122105679047758,1.2744296239280486,1.5295343474895087
Farm_214,481,1,90.32,1.5410435603436932,2.522917666872317,2.045145640523619,2.246780774054095,1.3364616864073662,2.645472972086863,1.3374032856074913,2.037277381332025,2.135656222344632,1.5831554335198614,1.1041758138543019,2.156964719461718,2.8256777163879505,1.1138029609952431,2.8628206555861198,1.7678784460745178,2.178232687655324,2.2426800428568985
Farm_215,264,3,158.98,2.609451967482862,1.8467734981349238,2.563905233944304,2.331430870514281,2.3876907725445324,1.902815340867138,1.6315912890165023,2.5581350287189393,2.663196592882153,1.5658951360746625,1.8720831658259005,1.731543037926044,1.1851108917220565,1.1049843679060598,2.366672562560428,1.5374549389295817,2.7962351672071226,2.042977243411779
Farm_216,575,1,97.98,2.2309819193334386,1.0090089619605773,1.3112959855231816,1.427480524122244,2.29079734862497,2.0028948396833455,2.187747535335723,1.5212669095140028,2.86498355955536,1.4765755528961362,2.2462947346719138,2.899204294067263,2.443376782456327,1.8548456047388728,1.5249206228013668,2.3041197519892496,2.5861440666469147,2.723888183161982
Farm_217,203,3,169.26,2.5075612021728304,1.6265520222763574,1.7838823795768748,2.314637650312545,2.3747449315156133,2.041657461081483,2.291022970957399,1.3258331860032382,2.500184825707278,2.7502441147029004,2.6811067135025284,1.658154833780064,1.2809946297216033,2.8636514461232396,2.2900626691039,1.2693183227689138,2.09303209003446,1.983425146980144
Farm_218,356,1,67.08,1.8944274815875701,2.0535185753844303,1.980008501528687,1.849358024836917,1.7450549056055897,1.896733870863153,1.7927123439349497,1.6736382219349137,2.6859007803536197,2.735928893364316,2.3652897645862625,1.1897414253503595,1.7787737093353844,1.5718408832792639,2.6971448191640923,2.037230063270668,1.8443103298549601,1.2554855270853782
Farm_219,448,3,193.73,1.61945844350266,1.6485017477039412,1.2208189953534525,1.3059237412114875,1.52481564514149,1.5121768524768475,1.155678306221028,2.1093983531666316,1.9401919169030322,2.2619408897401163,1.4167215781497147,2.9936977757188394,1.8231114930900547,1.8543153614020875,1.8032604166655373,2.53614797162124,2.23735341813773,1.0099449706446983
Farm_220,456,3,178.19,1.9656201866567407,1.222069846047719,1.839027418675034,2.612805638493149,2.519442657361851,1.240680880486104,1.7472693041854486,2.1505591897095,1.7795506392445748,1.9459619627414717,1.923540732792558,1.5356898411178277,1.3175158302241667,1.203867610765217,2.6599150183123648,1.3285959679049446,1.8876254819601617,2.3557462409373304
Farm_221,434,4,225.82,1.6461421368115023,1.885529913723789,1.6330035585252407,2.0204941996062913,2.5472947901106684,1.1970745343354814,2.377535031918303,1.261752666915374,1.785417064288434,2.3442289201975983,2.8206926926173104,2.702515697399215,2.8453628680132237,1.9871455865379621,1.3088298886799847,2.5065190771916375,1.4921982451526319,2.099816774254323
Farm_222,505,3,186.35,2.677942193348136,1.5065056339314324,1.0711642915869253,2.954850083378843,1.9112327479336813,2.5149250466813773,2.341990922260632,1.9151376953479433,2.2320770566799144,2.2144589005967816,1.6534821249547424,1.3310815896461745,1.0053363360185725,2.3930941285714082,2.645562729732336,2.5215890183067957,2.3583949107045594,1.6619258087168967
Farm_223,565,4,228.99,1.5953474311856914,2.8184647529230027,1.2734708054584705,1.56335870894905,2.2238081695346485,1.4470556446030227,1.3203928264108855,1.5365643910789757,1.248473411111618,1.8314684966467747,1.997460730183863,2.462707943554756,2.7876170864332614,1.5423007223544392,2.080588485344733,1.1198532964609098,2.746487891482642,1.3379443000757807
Farm_224,594,3,158.13,2.3195272809061676,1.2035090570020315,2.528073646334944,1.9613402246101534,1.7470393284634824,1.1113456299079512,1.0155679405379343,2.6840484361299017,2.158988365580522,1.7592617349712687,2.9171306692873937,2.048898788944504,2.767658646950971,1.5934226170573695,1.4459489760199642,1.0375686521743637,1.745740661361721,1.9334306448078042
Farm_225,273,2,133.71,1.2739644446190557,1.0983052574494208,1.036075819009289,1.8959909093377363,2.403894400239613,2.5950348133917718,2.5059632345922336,1.6271502641280615,2.330265720367451,1.7655886162907004,2.4694160111473953,2.9618131165802595,1.6339273073960032,2.6839500508125425,1.8142827691118228,2.9478708119763897,2.6830769353826738,1.2005729449578113
Farm_226,386,1,56.67,2.37373298746982,1.010628338309724,2.868506598192722,1.2415590448651574,2.6714431932957425,1.308123305721296,1.2127363327704874,2.677409049067719,1.8778174804124776,2.1782668063120765,2.495480771283384,2.105660712184799,2.408568539758551,1.0207274446943542,2.9759859848932333,1.3867653189976499,1.862164092966981,1.6722169784422862
Farm_227,261,1,90.29,2.8265994232000677,1.6561393689713155,1.1728492648944748,1.852230557661559,2.376466554671299,2.250292183466708,1.164698287928571,1.8571292252035843,2.9063343535423347,2.2953387122416515,1.5046680088264552,1.0500303037817083,1.505617822596631,2.272941417100194,2.567112033284852,2.644278418200206,1.802671886198852,1.7584238124712688
Farm_228,536,1,99.49,2.2171663092798166,2.3207736764017772,2.5984761884069165,1.5751069128418498,2.025165253694273,1.6772865428957264,1.005402433668327,2.453171531652907,2.2164265447591505,1.903483507030884,1.8293962366102563,2.2077559792481756,2.517547124507877,1.787769269883234,2.1501727227702307,2.123701306090597,1.0566487150940553,1.9312373896759243
Farm_229,363,2,118.87,2.1197107600689544,2.4608275057635853,2.7972330818869415,1.3206409427338688,1.9173159189847406,1.252960513382619,1.8652026519138545,2.0201204570882876,1.4399989444732504,2.937382900426086,1.1646843261934434,1.290632912673252,2.1222394835754868,1.596761027122938,1.2303278238090511,1.5289443150739936,2.3905578027348207,1.9332415026776937
Farm_230,255,2,122.24,2.9222365360432807,1.9065233667634462,2.8822711697008945,1.5643111680722785,2.2846393019514886,1.8289619585087198,2.006527801801629,2.243925248261953,1.9584325148670325,1.167691436008962,2.213051734101067,2.597081830564174,1.6004509084953167,2.3151876644877545,1.8356231658030004,1.2599408732376252,2.615005050227646,1.5140112869485545
Farm_231,310,3,152.32,2.2547931106316925,2.3686573009105336,2.734954046991945,1.466503382532784,2.3596217832026607,1.0296177222652503,2.2753280922971815,1.7907130217227663,2.350808874270588,1.694094051907554,1.2074603290849883,2.713136392979798,1.8004695072753092,2.6693370435794104,1.5261030280238745,1.993354547155455,2.327113839117122,2.700421963203975
Farm_232,417,4,200.69,1.5191008665461652,1.7198280724307269,1.5751000788508864,2.468147062011756,2.117458887049078,2.6820899650251206,1.5921276814251717,2.5364135356149813,1.647258249160958,1.8381493662508819,2.6718191644119096,1.9641870375894286,2.379777464476807,2.1167842326573476,1.1420021590107805,1.8147096232588997,1.302721902783887,1.7110870125134912
Farm_233,439,2,146.07,1.5847820476954808,2.335612439973234,1.666174262676954,1.0615503565183202,2.24988455021479,2.0269959226837146,2.4208494327735597,1.8503787671473166,1.1592832125780463,1.0338426869298862,2.6291075740399936,2.5664429141045972,2.812194899287566,1.062189243886112,2.0844087774386297,2.397772170234136,1.2065869351052863,1.4591746177850327
Farm_234,220,2,106.43,2.4106132850718547,1.0811919706047468,1.853091397220152,2.2349254958264426,1.1931773649890645,1.2783200218159236,1.3386637148138831,1.9149232931716438,2.1668712694217698,1.7299143753364503,2.067210202244619,1.2902214709632103,1.2614530331345493,1.9228023816511521,2.7783713996817525,2.8083370990954535,2.145717503237079,1.3516197668211805
Farm_235,340,4,222.29,2.4708731877843726,1.7815059691340083,1.2785933788142017,2.521322684047213,2.9035310322846533,1.4739606367779694,2.663980106220695,2.0353573364619146,2.89574033723936,1.547419834345685,1.2823320663940594,1.9841563730712921,2.1427279393383145,1.9255198817879462,2.35119973634825,2.610496173926877,1.8030325083692038,1.6451567890066712
Farm_236,464,1,90.77,1.6069924635780304,2.581699355266358,1.0445449101344477,1.9614469129379464,2.581546127464068,1.8959503842770533,2.1436966577808914,2.6636482367719667,1.9701439711263475,2.0120725404549615,1.0511579663903363,1.7878885293811693,1.507458398914235,2.0875969896092155,1.4993607759610224,1.5489041004096238,1.8581955669711792,1.1351057659550687
Farm_237,338,3,194.47,1.6906879558526604,2.606012060918003,2.7382432285620695,2.863129960015837,1.7478557394135676,1.3777387656310973,2.167779646744097,2.3187578572029297,2.8122181612940755,1.6728210943665385,2.593417335085145,2.2226347741061625,2.6027444997509184,2.3419178020871048,2.147169213907578,2.7578664369046115,2.9356004934860156,1.0658150459619433
Farm_238,269,1,75.97,2.982113017478174,2.4322975577513892,2.1082574324209125,2.4157613904730706,2.12562522190726,1.5371983230021717,1.4195508275582163,1.6983207731314995,2.670047176743388,2.4523642698929224,2.2002809664268534,1.08895437760632,1.1404746117389621,1.038636807068681,2.886468566693938,2.666782628209208,2.447845342386131,2.2102843936057353
Farm_239,584,2,128.25,1.2039050991605549,1.4084772411397288,2.2174458843564326,2.4958473026228347,1.0946490602728427,2.0687711284705266,1.1482174986007765,2.340639267963086,1.2948255672679667,2.019864990815297,2.421859273495767,2.5042456764972547,2.3779115803423396,2.004025248799501,2.4458301058458707,2.8582724674435367,1.8235754784155134,2.23829427209838
Farm_240,317,1,83.48,1.8092900568801986,1.4944102378612665,2.853976949635591,1.3938669748817405,1.0824556279981208,2.6652180260767713,1.9294496061613429,2.284853146017155,2.4163398436711416,1.2595244669925287,1.6076142514727352,1.1582585789493673,1.3498920273820596,2.1766155387611814,2.378947798813528,1.9173216420759753,1.0381985596834298,2.0591764052765793
Farm_241,397,3,198.07,1.124895062395015,2.9921774545290245,2.3302403562272316,2.5545911516781468,1.5015966702239254,1.8036793713798416,2.231223903844718,2.862038551759409,1.8709310501439569,2.5001226482886945,2.0189654756878292,2.3129430350603295,2.1927708368064582,1.686706772832104,2.9363163324550325,2.537150344818797,1.0681913957065405,2.524570390463449
Farm_242,404,2,130.13,2.6421567239964823,1.2067560144039198,2.381707008679627,2.66418947216623,2.3794032847292463,2.433950547107097,1.1900929173233712,2.6828328720507,1.5004926505258738,1.1984577921653532,2.494348341079301,1.0369144510798884,2.6713851743853843,2.3367304531808664,2.5977466223680494,2.1833161310473406,2.369607391291712,1.078301088554156
Farm_243,413,1,77.97,1.1846916778908645,1.3613253978048188,2.5739372968734844,1.7225327768119791,2.7042954956000234,2.7533684269212966,2.9010689490563335,2.2948938475024963,2.373876711333406,2.6780983361587145,1.925126616627599,2.663776127513459,2.5101613242433594,1.4563554342583422,1.2732470861975043,1.6210055050989667,2.6754775190355278,2.8719462164189355
Farm_244,255,1,50.73,2.3480147129254223,1.2600525113002652,1.2326968997148076,1.4267261360659425,2.1183717599596967,1.432601880592324,2.9608287204656136,1.6830142213680872,2.4853214373128427,2.862844388172439,2.202768445537462,1.3493992604475626,2.5058857753672745,1.6347446661349032,1.6952701739524028,2.988862005085527,2.4154052590993675,1.190130246514121
Farm_245,486,2,104.05,1.112966848006964,1.6553099273672311,1.720324306427583,1.7701013584072334,2.064265479164705,2.61438394080432,2.090913390784984,2.559152897722539,1.3597926374696776,1.6448905803697078,2.5794565236159244,2.030994951953981,2.03569062437381,2.925510694848652,2.930281401475372,1.0766149336793227,1.8117755052094509,2.348045988787187
Farm_246,492,4,228.86,2.3457100756193823,1.4203516704678467,2.9364158554067323,2.4792159380002743,1.804619067582932,2.514804396662055,2.9001383105468124,2.150416586125602,2.828889364112417,2.852285266525862,1.4304412905327577,1.5229858074552387,2.7814911836994427,1.6961407417222802,1.9794107883959957,1.3245451451181494,1.0622714758611391,1.2667931778816186
Farm_247,374,3,196.81,2.6860738938554065,1.9953759190955442,2.845860156201213,1.8352780117374055,1.3231959119160424,1.71387459589627,1.3588904751617061,2.9705399762018034,2.5022944879028817,2.5860163182450764,1.1318577787149646,2.445294404122137,2.176210396483996,1.69300177473149,1.2232748906423707,2.78508472506379,2.9348032604704595,2.7598108666155845
Farm_248,546,2,143.33,1.7976430538481147,1.9520414137602398,2.7681505926203696,2.473303750449576,1.236708202653175,2.9790399190017345,1.0508413703590498,1.495012257139608,2.8667509982839374,2.84487122200754,2.0636470216216103,1.6427022003794425,2.835035937099141,2.1913612716462305,1.9172097593446837,1.121125686825267,2.9726721243161736,2.0214265738900625
Farm_249,569,1,99.13,2.044252986864354,2.8030112389026063,1.904177020677945,1.2271290819550753,2.521359522441932,1.525144742871914,1.0788190705807799,1.159311681861774,1.634146437527382,2.3325402738416954,1.1242515414401915,2.4492183871766344,2.0930449156648354,2.9419506597201206,2.3939864681416014,2.7736413346870434,2.0987291028885373,1.164587082035952
