Processing_Plant_ID,Region,Capacity_Tons,Processing_Cost_Per_Ton,Transport_Cost_To_Center_1,Transport_Cost_To_Center_2,Transport_Cost_To_Center_3,Transport_Cost_To_Center_4,Transport_Cost_To_Center_5,Transport_Cost_To_Center_6,Transport_Cost_To_Center_7,Transport_Cost_To_Center_8,Transport_Cost_To_Center_9,Transport_Cost_To_Center_10,Transport_Cost_To_Center_11,Transport_Cost_To_Center_12,Transport_Cost_To_Center_13,Transport_Cost_To_Center_14,Transport_Cost_To_Center_15,Transport_Cost_To_Center_16,Transport_Cost_To_Center_17,Transport_Cost_To_Center_18,Transport_Cost_To_Center_19,Transport_Cost_To_Center_20,Transport_Cost_To_Center_21,Transport_Cost_To_Center_22,Transport_Cost_To_Center_23,Transport_Cost_To_Center_24,Transport_Cost_To_Center_25,Transport_Cost_To_Center_26,Transport_Cost_To_Center_27,Transport_Cost_To_Center_28,Transport_Cost_To_Center_29,Transport_Cost_To_Center_30,Transport_Cost_To_Center_31,Transport_Cost_To_Center_32,Transport_Cost_To_Center_33,Transport_Cost_To_Center_34,Transport_Cost_To_Center_35,Transport_Cost_To_Center_36,Transport_Cost_To_Center_37,Transport_Cost_To_Center_38,Transport_Cost_To_Center_39,Transport_Cost_To_Center_40,Transport_Cost_To_Center_41,Transport_Cost_To_Center_42,Transport_Cost_To_Center_43,Transport_Cost_To_Center_44,Transport_Cost_To_Center_45,Transport_Cost_To_Center_46,Transport_Cost_To_Center_47,Transport_Cost_To_Center_48,Transport_Cost_To_Center_49,Transport_Cost_To_Center_50,Transport_Cost_To_Center_51,Transport_Cost_To_Center_52,Transport_Cost_To_Center_53,Transport_Cost_To_Center_54,Transport_Cost_To_Center_55,Transport_Cost_To_Center_56,Transport_Cost_To_Center_57,Transport_Cost_To_Center_58,Transport_Cost_To_Center_59,Transport_Cost_To_Center_60,Transport_Cost_To_Center_61,Transport_Cost_To_Center_62,Transport_Cost_To_Center_63,Transport_Cost_To_Center_64,Transport_Cost_To_Center_65,Transport_Cost_To_Center_66,Transport_Cost_To_Center_67,Transport_Cost_To_Center_68,Transport_Cost_To_Center_69,Transport_Cost_To_Center_70,Transport_Cost_To_Center_71,Transport_Cost_To_Center_72,Transport_Cost_To_Center_73,Transport_Cost_To_Center_74,Transport_Cost_To_Center_75,Transport_Cost_To_Center_76,Transport_Cost_To_Center_77,Transport_Cost_To_Center_78,Transport_Cost_To_Center_79,Transport_Cost_To_Center_80,Transport_Cost_To_Center_81,Transport_Cost_To_Center_82,Transport_Cost_To_Center_83,Transport_Cost_To_Center_84,Transport_Cost_To_Center_85,Transport_Cost_To_Center_86,Transport_Cost_To_Center_87,Transport_Cost_To_Center_88,Transport_Cost_To_Center_89,Transport_Cost_To_Center_90,Transport_Cost_To_Center_91,Transport_Cost_To_Center_92,Transport_Cost_To_Center_93,Transport_Cost_To_Center_94,Transport_Cost_To_Center_95,Transport_Cost_To_Center_96,Transport_Cost_To_Center_97,Transport_Cost_To_Center_98,Transport_Cost_To_Center_99,Transport_Cost_To_Center_100,Transport_Cost_To_Center_101,Transport_Cost_To_Center_102
Plant_1,South,23717,4.274030269366209,3.971489404020059,2.6155855110958495,3.787975347514495,3.385563012856687,2.787155640291516,2.3306488679610835,2.239912415496384,2.2455798038084467,3.0352209548256504,3.1533466355184023,3.5629202916612766,2.7671625050865156,3.43595906804077,3.7448263529734036,2.3867572197581106,3.983428457574874,2.989271880831179,2.4673814308861903,3.8716019521092417,2.0799722575956814,2.1040756753891205,3.75206574304253,2.4455699284199204,2.780341430543446,3.556986198906758,3.927550364414457,3.658826994496638,3.645961250628581,2.860236547215381,3.1855445986550643,3.7090930034705796,3.783735967502162,3.702073877070045,3.2491704903023497,2.851000897493942,3.5293251104584895,3.5822282364028792,3.206689930623507,3.942010367279284,2.711070730460817,2.387850448639548,3.493051364321893,3.0944920842005743,2.492188272190888,3.95826783503545,3.6195966587475294,2.68902801113204,3.6955165962615526,2.7443737941361963,3.0740181713651107,3.858697049381983,2.199096077017764,3.3924611870482875,2.7682136293515844,3.6720139994447,2.837214018586099,3.6476210437607017,2.2819586739802284,3.303157855960504,3.1099506697050963,2.0643249499541003,3.316658045846295,2.8213524965654004,3.4044267368166494,2.7760552366830282,3.2373746994239427,3.9993392862460677,3.8891207405342954,3.374553223440863,2.244505879746895,3.323441344785457,3.4758226663034675,3.2765019707939778,2.7186703987745195,3.653111593572196,3.805480922184003,3.746034219882164,3.5159506971245995,2.933321763440347,2.53210384487869,2.3385433546785563,3.0990454950455173,3.6385420562871964,3.394439321617179,2.3989173317683186,3.699506097868665,3.033901552671215,3.8438147774304694,3.807804012567443,2.2952719281605276,3.4038218038638854,2.6868202276000357,3.5619919620563447,2.6709844119339774,2.7897330462885845,2.145112750858332,3.473826397275032,2.9788983973710788,3.2691410170684723,2.599826096954134,3.4592125741677275,3.6538478179337224
Plant_2,North,24413,4.674414645530169,2.4277914727495835,2.5780126694689267,3.9321941281758193,2.400032522531653,2.966497388089249,3.8707919083674014,3.4758201073299784,3.130605382920901,3.71755057045693,3.6525384783492525,2.864167425704136,2.0314331660385756,2.6220206769785204,3.2666066527973427,3.0741590815951803,2.604935653969692,2.6218240577243566,2.979288423638032,3.5546668900612324,2.9580474632183478,2.4819193245625613,2.870181853399049,2.256110276993761,2.5682717284107968,2.1127563825811047,3.861687339366389,3.603892640090139,3.1731788011089788,3.382147213209139,3.7923955965587908,3.9980189233377357,3.9423488102799165,3.8632161909318476,2.6054587543794145,3.743752760797709,2.4878651276204327,3.106667344845541,2.06264357044432,3.7667729740980445,3.7995496691186523,2.473273481267053,3.119917805125633,3.0865749514269747,3.1548188965876345,2.540836820804487,2.2560354172833312,2.175539127535349,2.7532797035943917,3.345546629458215,3.815925437042101,2.6720726616551973,2.612823334707893,2.4778576341557175,3.468299194608302,2.093796481890336,3.700384800390508,3.2763101309736617,3.3576927700577226,3.6645235413449617,2.5905639409658994,3.7916877809335796,2.158943331708989,2.559322814029972,2.9536856078309195,2.983293500222948,2.131181729329274,2.77752930423382,2.8883451695356213,2.6408998607495224,3.748594154149925,3.773245300032783,2.632301383556657,3.771523388225239,2.11484695880449,3.980499735842399,3.0865560598362114,2.5683560007805246,3.995672792583123,2.9731333672158766,3.780628416641302,3.0213388048731344,3.360113749709795,3.5490082127106533,2.414797435658273,2.525019281825198,2.6239568032957967,3.1185887752906005,3.5815096733482994,2.0886884251246784,2.912134289941848,2.9018886443524545,3.491844238984547,2.486605752689206,2.7258775584506765,3.2167684336330513,2.709439611797603,3.3879741396386387,2.9773723902522944,3.3448125871911514,2.363653992482303,2.5004142143567663,2.3126344427984757
Plant_3,South,24563,7.165190983135782,3.195769872725198,2.937076090431378,3.7702099701810408,3.946560303266816,3.580431523103888,3.7370087811935417,2.256721225790396,2.540191504567291,3.303600206762134,2.085049267038185,3.1895524295816697,2.9156705251161372,2.6121169058502893,3.7811875202438183,3.6988085099344135,3.2699793231929006,3.007465490616468,2.7817516980716572,2.3039851228893546,3.198583164440283,3.368141772830785,3.0707619107641224,2.880718415937631,3.4658445192611387,3.050127740381391,3.1402539496578292,3.453637281904473,3.2260785129447713,3.042192359160251,2.2175732177691216,2.636345382996853,3.5725937701721087,3.9451568353189517,2.5921892338267423,2.790451301444933,3.6776920316750754,2.1477408358149352,2.237678268787919,3.891106687534905,2.2363110998889084,3.753666057892744,3.2627793632289572,3.9517041586871775,2.835643705674239,3.385414702286882,3.5103745484965208,2.9585521605877765,3.147828617892525,3.8491404393734676,2.1170024657492714,2.134216923052703,3.0017298833217767,2.237146866081901,3.875821906848687,3.895493463226703,3.8646113654897594,2.1248503673650267,3.4949232069635077,2.918637010197264,2.3953957770871614,3.304165365759487,2.9881614364082405,3.219448095044585,2.624469040833008,2.590494109025838,3.4101598563675832,2.7739981185086178,3.323129136346811,2.3974733277403137,2.119279169257543,3.4345813629411412,2.9678069860436826,2.846576976839673,3.279323968093082,2.7493457796839644,3.154623266336715,3.182745540002811,3.8000591410694353,3.726261831678128,3.9584499445132213,2.83333609984019,3.876757474168122,3.875398532388184,3.8522914945411717,3.491168676445716,3.634930689021922,3.343535920912725,2.401489898339059,2.6448825416332724,2.077172401616357,3.044557972577892,3.2521545821122637,3.897593425117319,3.012992192408203,2.080397382515753,2.0544050174309514,2.6736999938707533,2.1550354195859716,3.3597549744461763,2.8915032416389073,3.4483398161495518,2.687625807270179
Plant_4,West,23238,6.593492302872246,3.560335044450245,3.978358466535666,2.016401418855291,2.6999950457152364,2.9545552650664706,3.728825982133857,2.7636895978468314,2.784798204482229,2.3775169558682077,2.839493949836412,2.6973996182783706,2.0506753058959335,3.3351680435971214,2.683419374260456,2.0989700271077414,3.162472689708931,2.3235467127694065,2.179415902879262,2.3483644133058563,2.157698061141251,2.1705164492737214,3.8635659865525067,3.7754184635046197,2.217417959256302,2.1667551257972564,3.4683001129127096,3.5866256927998035,3.6411228235981956,3.9538628335946306,2.945828089068277,2.2977136078998806,3.085547004319608,3.562233692418028,3.003157299812912,2.666794255539267,2.751765707329993,2.571812580789957,2.623780299608849,2.2272047389479592,2.6213370118238934,3.6390352095011727,2.484197914652688,2.7341249114219024,2.3316124720605846,2.5069073877407293,2.429080442406573,3.4574213701795573,2.054348072587843,3.632928118783677,3.1766276909829436,2.8432393958443702,2.4634013163517166,3.7416652425707,3.058490113918946,2.2574851242663536,3.2024721159178102,3.304692495166276,2.2306380664757537,3.359014649856765,2.7281257435933197,3.4750763750967577,2.7211699531764935,3.3737551193003688,2.5700358185191368,3.5381873463929665,3.0870721952945197,3.007163554828921,3.3771664119576466,3.7092724136373096,2.6354610932352793,2.2625737421652783,3.6281097446240187,3.547850113611097,3.1402409702301135,2.5048191701406117,3.4100344248069776,3.093473895967736,3.852124129035285,2.897051215764965,2.988548722812249,2.4383231074759304,3.2767430591412157,2.283205151225977,2.4313726278197416,3.955335435398121,2.244545705442699,2.8628899846160207,2.823042438868442,3.1383495823928134,2.0355959934418983,3.032657445017283,2.8315908787391386,2.7143151791524565,2.7219388272970804,3.5237915843758127,3.106366984515459,2.2080345035902043,2.3815483040334393,2.530702343350782,2.4887344570554135,3.1500509125232785,3.449941609750782
Plant_5,South,24486,6.2793019093285345,2.677966178676342,3.7775735334324345,3.2829217046644397,3.6917338124096704,3.5665553625647393,3.3865488548174367,3.1709690183419577,2.8014968952951556,2.1260335577507417,2.922097934437671,2.6534184299607655,3.140698856017522,3.4108177479469677,2.9290377296234373,3.778453187326843,3.5701844078499807,2.738641888423351,3.251112879444978,2.200989518479508,2.5738070978242042,2.489403690299317,2.214997274218858,2.5048950392197193,3.5041187369007365,3.67457971811697,3.9017444092508557,3.341964682539037,2.6858393172597586,2.324920427673666,3.5007062448166852,3.586341639988083,3.9135936490172614,2.2794048565838043,3.733216457858318,2.6770701540454587,3.064339921712362,2.7334172957844878,2.887476554822329,3.7362968745083776,3.556841223071408,3.235238763107911,2.865148530006701,2.415368190795195,2.3079759805549136,2.7127311866420767,3.9547778864164815,3.1337984700636357,2.5264428057342694,2.600779607919942,3.1235109050887804,2.788688286467014,3.0837398861063043,2.011759138684902,2.0199419431132455,2.068807255428589,2.2868412050804467,3.8231592025044376,2.455419100822394,3.303770847765991,3.3339390590964126,2.0052149267852677,3.744911262502616,2.9185871223591286,3.4610642617399883,2.787865957292494,3.0515586136365713,2.3806062205424596,3.7431614505089654,2.388664286547521,3.982303290296374,3.8811630734705957,3.907790127795481,3.943648849358812,2.2258064221212317,2.2284667116843666,2.5293897928723004,3.113896837256526,3.5964076514878838,2.7271125877353457,3.8738747300653467,3.4415044365552685,2.7283163963677652,2.7514545141248723,2.51128405861755,3.189711002926046,2.3655770667297995,2.2312237763848293,3.2016848517318284,3.0356827772137316,2.8802608365476012,3.3831407555361124,3.929505065663661,3.303729895334375,3.5669371028766315,2.1991772966566776,2.4230019211595746,3.1474450967351517,2.6419453855510016,2.660690183529984,3.055687823080634,2.2183779928070293,2.031389870684893
Plant_6,North,22427,4.670487883021606,2.759359166196475,2.6558991366429723,2.1364753662060814,3.890732745258774,2.8633948912818656,3.2498325243721586,3.4741753810087044,2.3571057185698328,2.848727577362694,3.5821442869562246,3.5133835465520677,3.0135667631646283,3.8740193990242875,3.7924541146162167,3.330945930274599,2.587673911243921,2.197361834967755,2.9904303853430925,3.4763634544418354,2.644064411950974,3.7106167363680242,3.724598433948248,2.7475068408459062,2.0914096492771748,3.2260279221039436,2.16694388908281,3.339666677632577,2.3872668507604278,3.2013345354112115,3.2229826687646863,3.2009113745502904,2.3077001107345536,3.7062236484734488,3.589458681472557,2.3932015936297804,3.8839209751257466,3.243434370407685,2.2411289916440005,2.258181323456612,3.0864219742776084,3.9893983182496995,2.5107312530406,3.8235838807332043,3.4149239804437093,2.382557975793795,2.1041783759245156,2.3928638181454804,3.4205456971384995,2.867913251379867,3.3207066570853696,3.972974135859379,2.4395186281254326,2.776192847402039,2.676927502483661,2.828739215813115,3.80294316789531,2.7588907737619026,2.197808893074102,2.077331123695179,2.8941231110816474,3.2564788680744647,3.7533590374166526,3.131001462711003,2.553560162931549,3.459019999917534,2.58409111619583,3.752608845918316,2.0676425751430383,2.323219161190728,2.844655758205991,3.7997861072655343,2.460629350779691,2.7178695205060963,3.817819408947428,2.281799276146252,2.443831245426605,3.4467172234376258,3.231005706764998,3.989494102724927,2.0022572450539657,3.262578624665462,2.898960317349831,2.56428425744342,2.5940404576216327,3.7011689396444947,3.9016833323434694,2.205640447609648,2.320586947641657,3.3089197856517494,2.505920988915258,2.0958503519120484,3.4699928765891466,3.4857064622287925,3.949473888203231,2.7935018515992036,2.574006211018397,3.1525065901771843,2.838693987851813,3.097353750298794,2.550515728888633,2.356392853576252,2.5787614472113893
Plant_7,South,24776,7.351029781401357,3.7758036766566416,2.845740231460275,2.5451885727599706,3.7294279257506044,2.504011342422766,2.029447783722663,2.0074322005439678,2.002629266861253,2.0312212445154585,2.9358312638910884,2.9078655646071234,3.6800169978479977,2.4496771494359493,2.545146271827363,3.233476161149806,3.5118546899944745,3.143693199572639,2.550348053805166,3.412244556983714,3.1255910704165024,3.1659058987290405,2.3186149645038716,3.692132840150844,2.404035674644785,2.344898267146137,2.011269519722858,3.334723594983616,2.396810727987808,2.982477551902007,2.2011713131932478,2.2008022867512023,2.956981719790437,2.799920146764948,3.9254811721136895,3.721377701147979,3.3625112603737497,2.1298472459596822,2.2398803677150716,3.265864357087978,3.6646662812671664,3.4703678871026473,3.7688359496892754,2.3496785786311465,3.949343791032513,3.71260038739429,2.704276967120487,3.3096226000607154,3.3558218916925338,2.165835041425589,3.666813677360615,2.862122488581579,3.3002011053011078,2.555225005922667,2.7972686696910687,2.3892680655157124,2.3488931323818854,3.676265051210722,2.8668256878502336,2.366832590351553,3.868119640168972,3.1769723274220523,3.401559079094474,3.3881321497119137,3.429353741850842,2.4141443507804867,3.189646198981154,3.144535577728897,2.8086601186950846,2.413224161361952,2.2623124479305172,2.6961521558020713,2.5060844116397925,2.8105391404654734,2.397899419343981,3.7071127272413267,3.3480458932032655,2.763376611497992,2.257091915209021,3.1424266492049924,3.7884756592710565,2.199323227110881,3.721050452144074,3.721740247109344,3.537076194022832,2.017767607657656,3.684894981615416,3.5087243983678853,2.4212049852650166,3.055040350588418,3.3667215897467253,3.419792217742448,2.1237228487665876,2.0458043229298246,3.169043030876386,2.207237575329933,3.820943252342568,3.9044745708314883,3.1878748877172085,2.399174991600197,3.728979071190914,2.0826162838429294,3.2828943255094196
Plant_8,North,24443,7.842960438345001,2.8083897592177625,3.3389614927718627,3.1566152589411605,2.134135303080578,2.652945459637241,3.4961081381762327,2.5211957727435523,3.706303619938015,2.6365947716666716,3.1350715729126404,2.4243225258620584,3.1635612218514426,2.936435192175938,3.8310017524908306,3.2518004658479844,2.7650034613714687,2.191535772399254,2.947370520806743,3.9727258033937622,2.5569649120855784,2.139043080506391,2.9677227005812403,3.2356305595177783,3.583929983929206,2.0414826856124018,2.0595995274591665,3.028085579356408,3.4652396429245185,2.388932689315389,2.793212250701945,3.8935429628720417,3.075211413452826,3.4598226275847273,2.1437722457044073,2.293261630055163,3.291208225689255,3.0603871090009465,3.451787321167271,3.4401563213560045,2.2231907860975966,2.4316735362604978,2.2251090147310313,3.6688456916886896,2.4661881417241127,3.765297527639008,2.8572956815574306,3.3697089583578315,2.7067389190835023,2.2043446460711618,3.45170616867679,2.6114459986064587,3.8087086805006285,3.1407524006976475,2.678347240004488,2.3683930593264724,2.7057556966642373,2.626322285724358,2.2522321414892668,3.7870600036362596,3.708440685931465,3.0744111127725997,3.3114489491849968,3.535420103115019,2.767920252634757,2.7540709935863577,2.054985779263549,2.3842152783988446,3.5694702281721984,3.017681696261014,3.93858932409816,2.223066680703353,3.8796363748677507,3.8111521179931374,3.4870183042877128,3.1774461806141483,2.208844892317816,2.6381999264737113,3.2446265949117556,2.945226417268279,2.622090639502611,3.850773428650685,2.2614406379001926,2.9767092405624007,2.8552129748840596,2.0732632796992387,2.7757978029128125,2.4420702865345696,2.56577214413711,2.458002851406069,3.4484815736268253,3.164401801514575,3.4892628877080965,3.9179346923144927,2.892074655335058,3.674148891638189,3.005633698247051,2.8851416133234187,3.7266902090461214,2.0406209356667024,3.214649184515452,3.618476143349362,2.3719041960016094
Plant_9,North,25280,4.163548389962678,3.2494657037912287,2.034303361393228,3.4012276368150776,3.300614314614512,2.155646929274332,2.1830702349656113,3.0764007828196407,3.4300039377953766,2.7360429388784513,3.582408507176142,2.4038763238837317,2.6468547106444307,2.5010269463277828,3.6569994242885384,2.5925396719089386,2.822321931692698,2.3206892878103313,3.550596036795006,3.0440468353286976,2.1912971991120136,2.0953662884995268,2.436846257326119,3.5032327872925535,3.4855532822157897,2.0631620242928412,3.1266987247459275,2.726694466929689,3.228230308924895,3.499980864283407,3.014478996433728,2.1560990567997838,2.9838328395047533,3.0625360099216716,2.5366521379286775,3.8172214755992107,3.423215455210058,3.8029291522894146,3.1394388130669713,2.3217069962985715,3.8411083427594455,3.6932881286653565,3.3594811157127413,2.3004297909338516,3.5462972016629797,2.593825015830863,3.648405823124509,3.8648919113700293,3.617216063818913,2.9404607739974304,3.5805654707456833,2.730754749069868,2.1709772747031426,2.5010168717716694,2.8725377222311255,2.575639226752301,2.7510159555245233,3.1402065830946055,2.87459203433378,3.8777842947300387,2.204801231925798,3.5717337134117697,3.4673769185517136,3.7911429581661524,3.541796808637605,2.0161165777910703,2.1294006610079768,3.5868831827442644,3.6297340299308924,2.2483748863189135,3.968279294083472,3.4083095015777474,2.791822301525367,2.319285735630366,3.7701517250858965,3.7474183507849714,2.9081240094467615,3.705669146370955,2.1119117208292533,2.991871669096759,2.6229908494552037,3.1169399314601383,2.6514740449008656,2.0536958688313325,3.6386692480612375,3.1934486746517265,3.276912897434059,2.0562033672352884,3.019026540581673,2.4021563755877438,3.790807449116511,2.3962174293431486,2.0480771118117165,2.68888261217473,2.4455482805364346,3.1006047868719184,2.538027862488832,3.3816152486121367,2.3183294761773077,3.1242889090171513,2.0004813394858045,3.10340950519047,2.605421138248542
Plant_10,South,23524,4.312127482615422,3.7784762750536514,3.6403073173712954,3.3092640518341905,2.2401814131431026,2.9947622888185528,2.5195018722051516,3.065747358323014,3.381077116231131,2.751177748019848,3.1195169858585814,3.718344723139867,3.0324620188338285,2.160184321760491,3.9611158818185865,2.8302890077365754,3.3454250529735403,2.1709336029749626,3.603315525616128,3.652829857697764,2.3297134818931005,2.1222457506515338,3.205895261381208,2.4280000988722295,2.952652227837727,3.0147309441296595,3.5256668506050683,3.46039053232311,2.412677757164178,2.5510160398639905,3.991691203432546,3.250712803267282,3.6048365743574067,3.6572122672975675,2.160415415627452,2.5669354438220124,3.836222677521123,3.4108653913948057,3.0674839615553298,3.2653187518590796,3.8698235890304176,2.82946527274028,2.520566394330047,3.3174486684548126,2.1752134049009304,3.64717964834126,3.5324456360080925,2.293593794754098,2.471672103799742,3.0604388136342005,2.577633451435243,2.7938525612476277,2.4332320715521725,2.622410718656616,3.265332507636799,2.4968112104937097,2.894583079745256,3.2968488367415647,3.464196511602263,3.5608792798223545,2.2630504477714197,3.1117421927930105,2.731973802005614,2.709088412528656,2.285619851565339,3.5172751678274237,3.467740174425683,2.0686643422857065,3.854665230348022,3.8762366611934045,2.3740853704774287,3.456722605473445,3.4366966490414854,2.0571896767188846,3.158949981387417,3.578910178064337,2.9855208479981803,2.4401900805485406,3.7705982225423846,3.61836259501761,2.4561777295398786,2.5004089741270836,3.154560137940968,3.415928813676793,3.569707424711577,2.7779662032008785,3.8859403788619113,3.9592277781978824,3.0216097743550954,3.814494138150997,3.5213650270780774,2.098117707492529,3.300646646234811,2.3795577868624482,3.3068668384956004,3.381910240338545,3.1969235164961325,3.1499412547934433,2.0301760604213896,2.9305571440240143,3.6109474693596493,2.6334972973004236,2.9720901489664584
Plant_11,North,23486,7.538898013258259,2.4196531661811225,3.759596114623839,2.098116734817286,2.0113260010515934,2.296221849778046,3.102980590702674,3.275252869892528,3.0930102762266394,3.9587000486477857,2.7165988270391646,3.3555209887253423,3.3994127114998376,2.8064610558949754,2.648515174032726,3.598580011808429,3.5685715434809375,2.762621279904156,3.2990522574987384,3.1528797172855754,2.3478956032083866,3.883750100294505,3.117146843416532,3.4329797266651507,2.0999654301551036,3.468746957353548,2.734149901490069,2.5972920271734834,2.2901307892808473,2.7634196381870835,2.3572158186473056,2.847874511787163,3.340805782032728,2.8510114656793775,3.5021583878048723,3.7988536443476937,2.4970274184430217,3.5941536131255125,2.9048689902350997,2.104920985823988,2.3106260402934127,2.0723053210825784,2.951154819436933,2.301081626529072,2.7631518381043634,2.716483300073968,2.7499842898931792,3.3846723298194465,2.922541066304543,2.528054191393828,2.774994757137929,3.6430807643932317,3.68884605452066,3.700079709986387,2.242256053995506,3.369590804300306,3.580331631861899,3.3559900751177896,3.366777266286835,3.8424962966553893,3.3524783706002217,3.714194379119715,2.8090384935012507,3.9029545057051873,2.409959886408691,3.251773288660968,2.6437826850679276,3.9651284011708547,3.405588719636005,3.9325074144801793,3.7296076174803416,3.793658089681414,3.2245304574597524,3.8177780096982237,2.493697810596503,3.3474892600960358,2.762673953830336,2.360492074622286,2.9636426708283947,2.6813527379403217,2.6340278023018038,2.412583630144727,3.352779138816869,2.777396195653205,3.858980845534933,3.7795156299463075,2.4237178057281685,3.9607830387213867,3.628589038695105,2.527933473471185,2.0964882462730836,2.217055581115777,2.4209656725853175,3.7014155834569964,3.371153723630794,3.3651643396852258,2.403342869734991,2.3535204582020985,2.8984742615518315,3.313462412446924,2.660424673452292,2.2526898040564003,2.8440471319393743
Plant_12,North,22585,7.262209016128513,3.963754592705212,3.714400668649068,2.207207739139104,2.103566887886135,3.6230940126694655,2.9034651697520832,2.607707161736445,3.4019393091562407,2.6078017539449365,2.1716845552411645,3.0920921467162317,2.187927590820766,2.7481614945764066,2.471506360009567,2.612762073872579,3.333733272241118,3.683916908836697,2.9354956668003274,3.7481734250548744,3.685389888445523,3.6997428571221094,2.7600147284815035,2.455221157283545,3.2197874833385987,2.2416809026679183,3.0904783494552373,3.0858042629552385,2.2413746103239456,2.74966113917506,3.964847534320225,3.1132478364798715,2.2533169318365234,2.1235876214800413,2.2816673783007673,3.581641313629154,3.2264824115986768,3.3633512967181467,3.9530862126891275,2.5865321714856604,2.0677509288135,2.642842555623341,2.5988255604932657,3.846171638478859,3.013376305616514,2.1980388457903164,3.1311205869160816,3.8228544377062947,2.9450612706218013,3.2855653783718823,3.2535539480924607,2.1620297856625283,3.263106970883915,3.2063776468090373,2.545261017735011,2.37355461327214,3.6042887562049692,3.7650986289286963,2.5609209737036904,2.61229730183715,2.4615367799607086,2.4652629728192768,3.1074094457774106,3.2745596202461753,3.371823211440327,3.635646649840912,2.6939341512489676,3.7302986695427425,2.4903078922094872,3.9476037065659977,2.7808466523877833,2.10531151890216,2.5711753595881124,3.6431831482351607,2.6184970352502828,3.2186243838137214,2.3705363513954696,2.031214873310522,3.3949456639516002,2.778320925371891,2.42696916739727,2.271895962744403,3.5269981508634105,3.0622935267420246,3.5132083102081095,2.6039638261714675,2.1180209404460015,2.7562826746875597,3.506020401375251,2.561954467759027,2.743246020715535,3.049382682838539,3.3928844180751154,3.405798565646829,3.3703812140287273,3.683212463317009,2.14879137152837,3.1841286155098336,2.864205794823256,2.29340115166732,2.640415968309914,2.9680917519207584,2.2120543799107577
Plant_13,East,25298,6.471737822045174,3.4039070679406516,2.750108773771072,2.2571736258625466,3.8322983928941143,2.8411811483137885,2.031548779542892,3.0810585021778714,3.871376755095252,2.5304549907572422,3.4598312590251554,2.801877471992719,3.2421481769408675,2.540868239964376,2.6617337940914565,2.9400404191453937,3.799759041142304,3.8137927832676555,3.1514992784076963,3.4420420786055033,2.568639373956583,3.6898800840375494,3.726607029690249,3.9746279644213223,2.8134482079481966,2.442568131829915,3.032732637097074,2.8667112404357624,3.2555972954060755,2.4884089463758974,2.752299568458888,2.4264283913202886,2.692902614686121,3.1136474217649415,2.199772635995213,3.1639750419007173,2.8007877087673045,2.4131782243451845,2.0996005657887533,3.8423169878682333,3.9796827639111374,3.5271024681187706,2.646490634118943,3.130016565305662,2.537493890579537,3.516152794584147,3.6711903272154607,3.003128306641268,2.6816335377400344,3.4067613711602753,3.1069229438498702,2.6330140977500536,2.1574178342851305,2.291365054658737,3.0152961720352494,3.086236610394517,3.4393101465562284,2.469244534012564,3.3475250984938647,2.495421943558094,3.5820597540235024,3.6119651779433997,3.876056254728935,3.575403765397896,3.120462240396525,2.9112215762054268,2.416770406512904,3.1592789110680397,3.011331486168756,2.07824960963944,2.762736928973429,2.2834076760547437,3.3071244439160496,3.945166065102664,3.7714950674376646,2.096677808356186,2.7106325286507094,2.4211555640583735,2.104487327391928,3.5117467186749307,3.8117382126199435,2.8492748127807017,2.6364135919921745,3.7875748540199963,2.1038223393381257,2.864102055008095,3.0749361290106103,2.0510476891142266,3.8274713502198843,2.825905792200689,2.5460467035042442,3.5168170601825657,2.619559133295592,2.173486545246705,2.053970071736985,2.2651388066902696,2.0418127088005376,3.08023341872564,3.1038024369903447,3.6818497891797026,2.766125624268935,3.0505226934358776,3.876470644511265
Plant_14,West,22374,7.779860835944552,2.9922433882828896,2.923999014728416,2.182828753539382,3.8169270285207872,3.5300046479834464,3.6479701169034247,2.379573554869153,3.3313474724585825,2.2587618621350822,3.7422763003243102,2.8616347815742516,3.8332525639559583,2.593989782278833,3.9092995919774705,2.0392645427753067,2.570318059020135,2.1437789092000266,2.770030742711234,3.285768029982506,3.429383467829514,3.848433524487092,3.3196266405761197,3.119772312253475,2.6330563003959395,2.6545198903390643,2.189541783184039,2.553244554187402,2.0002372898217002,2.8614106633968106,2.4006409721476425,3.3762207985013033,2.678153696773773,2.342581109335346,3.1233444141991153,3.3389400078371985,2.0237105864204876,2.220967640132037,2.361254352323155,2.3434623258037384,2.964503184604849,3.9204124143729464,2.520786027222044,2.658547678280175,3.059156833028501,3.1928924977976894,2.0363991843021054,2.723599359726113,3.9093322022503347,2.5982322632239154,3.922207749941073,3.9326369838141995,2.9727002302189907,3.452943086991663,2.63114661635995,3.9728530922870595,2.0442573488431632,2.5247391705779494,3.855424261799154,2.76860037512104,3.182716284652706,2.3586255456496117,3.447999748239125,3.3995380869628766,2.407756685243198,3.5994812874256783,2.8912413841998643,2.222591325514133,2.064690575837795,3.8923950529600635,2.5253952637938033,3.1964975857583644,3.3111318019139464,2.1164755654213563,2.5965143127529693,3.7445503920063845,2.6751145071208997,3.0370628666334167,3.068496845845651,2.145967479227539,3.798047454426733,2.2710820261816735,2.2917182680183004,2.5134755492656233,3.674562547398117,3.0558183956631364,2.2851937573271863,3.454529317185499,3.6658034456491926,2.278876654299948,2.7722648996543224,2.669314574249002,3.7460126159111296,2.234089162753539,3.7982442013209416,3.319456280809768,3.9030580907525128,2.987811987818711,3.666443542743001,2.2924429769210546,3.260525056168161,3.4038970019610106,2.0885854411641853
Plant_15,North,23523,6.585722311968013,2.8618411287019954,2.0247766438075114,2.3564688465386445,2.4516487755280676,3.908920855077267,3.757601916171853,2.373744428806911,2.5301828038549,3.0220176713652256,3.9401290740403283,2.1148703883898876,2.5982605912624885,2.7208236127025565,2.666146592105883,3.467116705871013,3.8012334642038987,3.269100281723254,2.2531126859884765,3.1302453419661007,3.1356774926786115,3.0105107805018205,3.4424102499238876,3.391278516086274,3.2808212736530686,2.436153564122306,2.643176528448098,3.9493798409049266,2.0366386852070875,2.9466917618552366,2.8282181642479918,3.9194393782666794,3.1312643855858573,3.9310352647058453,2.822969424238317,2.651688181649855,2.250601792812218,3.658981346009818,3.2950155148024747,2.130539984900655,3.1441508080708624,2.5522728326063877,3.505585842390877,2.28064554992719,3.7652288553277087,2.548764887341501,3.6043561990489446,2.3414989884423165,3.3933680670302024,3.5168494514150836,2.3736689998688387,2.3062050095976,2.41951703002267,2.414918402959757,3.9821706762707185,2.864764841912578,3.1296902044343033,3.4080819866214735,2.6950487741698312,2.1106839971009057,2.4596610554667,3.6262355839379596,3.1019784889924464,2.4111434506968132,3.805654023453643,3.2951650885419568,2.103986862822601,2.430545546579343,3.293856682196494,3.99482986523485,2.089420549109793,3.238263101740165,3.1848863708181527,2.3123546608819745,3.4923809666346086,2.8356841233594285,2.998531349297501,3.0770177460282273,2.602526795706725,3.7303383162865176,2.204422629841245,2.8316328251904523,3.9096784193531198,2.4805293512243543,3.8761451934108226,2.5460776657724953,2.37463818542275,3.6620241209713384,2.5077550966113096,3.0145456888464808,2.320151317937403,2.7582478214104436,2.673827673182921,3.430383741307298,2.6762131268583533,3.150268108807315,3.4492216482862323,3.0268458672969496,3.604721101964956,3.782687209760047,2.8841214207884462,3.939874420894183,3.499485512845636
Plant_16,West,24995,4.863941102918013,3.908729231103009,2.7987906960871016,3.3769755826231185,3.0941224295972525,3.6989558994264717,3.3637458869935335,3.1531279268452135,3.141120103481796,2.3073486124272415,3.8531997615431366,2.9098202897356855,3.2532501897528245,3.977675265560187,3.1304236399144765,2.8354043533572115,2.2617270518867576,3.3687708491841466,2.771241194772184,3.44594104888595,3.954077507232884,2.494689342286688,2.301319476415337,2.2368031682830054,2.8732291244034527,2.782673125374317,2.038870310364604,2.517503290403639,2.7791062712521906,3.488443345618615,3.2279902480696343,2.9168517480898313,2.582916835315794,3.053926131650983,3.4302026775249344,3.1484572286553245,2.649983790527177,3.3910088720310565,2.2727313077024824,2.887356399310919,3.2318094673331528,2.49303264881943,2.731431714358094,2.742384472291988,3.888875924709987,2.505999481023694,3.893792050684084,3.7335737729795153,3.078398670654603,2.4112098380782667,2.7025567449022834,3.48520264306518,2.3981927881401397,2.86600986022496,2.8628629340749763,3.283746217590873,3.4949859117628,2.3543876249680764,2.658238307395213,3.6197432380826555,2.957373594961182,3.8809270376571354,3.540826029793429,2.1428767660176566,2.5518882948252926,2.0072258650684773,2.600726447142227,2.5588703406271263,3.1085904230175134,3.884858218690974,2.536017967370447,2.0672193246300123,2.1993216496990255,2.2106251181796175,3.980330424510811,3.119573714142784,3.3493616831570385,2.5088409823910687,2.5699365314744913,2.86040539293594,2.285716857732985,2.2975408564682356,2.152784434264079,2.5263850083601787,3.987378385099338,3.8169897349065884,3.783078379463159,2.2500273802316197,2.6625935386079997,3.330063523404263,2.195408207381187,3.8682928300922246,3.2393917108085937,2.149566511918168,3.4883315249632183,2.0617942451426305,3.599896296584765,2.3279759439177408,2.2000865688600224,2.899042345191406,3.257271093139405,2.8698910608147497,2.142845542182315
Plant_17,East,22092,6.914569294867601,2.4114496550593327,2.920853644733203,3.6616745023183057,3.9100565245318526,3.902927359491639,3.082135717313645,3.370945170090682,2.8846488067324203,3.232589425461569,3.5948358176664974,3.5909098212441637,3.642658900700487,3.56591553193456,2.807358565173028,3.0507175369472073,3.319060638059961,3.0675398848640483,3.0606655121392685,2.839307685342021,2.5456453377604045,2.802696008477036,3.7663313559512352,2.501311960083139,2.184842200906357,3.1192300115301523,2.2214113776130215,2.61858612744606,3.382699728552325,3.5301371487540742,2.4269947878219917,3.045916555136454,2.234543539107821,3.107117587674521,2.974030783400546,2.584805801453394,3.129999942363831,3.1501231176327362,3.1787618760183474,3.701236417054543,3.5793369255610052,3.1272331711966004,3.4527140354281656,3.410040069737623,2.201113908746099,3.951246740964643,2.064129042968342,2.788492749681189,3.0210301867772973,3.088502754551148,3.14551046656971,2.7127870023965808,3.8812906867210475,3.293214473678587,3.7395983071844325,3.9387433554597475,2.889250480123086,2.9285408099279207,3.1428773029640347,3.9683509702301545,2.8121525847340667,2.671388284620768,2.74178062447685,3.4525729280362407,2.8421427963872676,2.507388590177024,3.054247843555395,2.482063475807222,3.333672561522586,3.3418778115254124,2.1075538106661043,2.793864102123317,3.9903436447480756,3.3668322645874182,3.999633438725356,2.0439070037540414,3.936470247052341,2.1445483400824,2.779311829406365,3.162585951011297,3.724037278021333,3.3136150430477787,2.191610711573771,2.6762159825194054,2.25053518826493,2.9290671693161943,2.014806917289783,2.2709172298184725,3.0008464872650675,3.5720009841547338,3.0419690850168015,2.4260261680651523,2.5718551193079766,3.83435087024813,3.51961381420064,2.402845817645605,3.961835456357664,2.9269554624613354,3.8679907333533476,3.0996105187453895,2.2935614432715847,2.8120684131887383,2.9345916060501587
Plant_18,East,25531,6.582841378982549,2.6233665136919226,3.8139485861369575,2.817627780146821,2.993412259393525,3.1358730537414603,3.921475677798943,2.2407999333625757,3.112838262224299,2.3103195578766993,3.286943864491456,2.7759729601906447,3.0236127948772484,2.142802402173814,2.7924402889635616,2.2293786356215173,3.0952613027603553,3.333969722939092,3.197668029301168,2.1931531614113284,2.3167460410584004,3.437728145767622,2.334080327240037,2.279481319128709,3.8319009410246885,3.3698734964826187,3.6237164458195554,2.3231750035161367,3.3900787529948078,2.3171119365833244,2.5828781666042557,2.4796233411377626,3.307365331314271,3.814531425629635,2.8506691918809057,2.8045456277809233,3.7629495533925432,2.3785657299364917,3.13552245096216,2.15334476393658,3.623975938091836,3.6233677993248934,2.9121398602080255,2.7699017678570943,2.5436918679684046,3.7250020817861826,2.091161974156365,3.8497648865353846,2.318592184942193,3.6085621871243463,3.735927539872304,3.1635710523890506,3.523083096152218,2.5438590749149745,3.7930196712277287,2.2752779960827283,3.889872090730793,2.0400687681544305,2.4910036220549436,3.64805858487322,3.7463187183788094,3.0597726279603776,3.4609334022887412,3.0221053355891527,2.4045758837450757,2.987782704412496,2.9312638431182743,2.9950400209068917,3.860281106775191,3.4024603048170015,3.848744092719927,3.168323462552098,2.800832922341655,3.2120201474942864,3.066959496538663,3.872147003725574,2.2883265203486562,3.4892815926904124,2.00127892172107,3.5149523185196703,2.797875541745492,3.5704840433727165,2.9898850838039377,2.2147079492921993,3.226546538653069,2.8483112182380337,3.633640052927737,3.644447999393581,2.028542269127289,3.4229084837284582,3.4407626217327887,2.2074988491507033,3.8344430902843563,3.4830802738952666,3.301109957624479,2.5351430827564414,3.863257406826879,3.2113065436431936,2.2208287893488894,3.7931626719279774,3.940328929048172,2.739860009180245,2.350822583310822
